# Blender 5.0.1
# www.blender.org
mtllib sting-sword.mtl
o Manche
v 0.000000 0.767646 11.886925
v -0.525329 0.730074 11.886925
v -0.999235 0.621038 11.886925
v -1.375329 0.451211 11.886925
v -1.616796 0.237216 11.886925
v -1.700000 -0.000000 11.886925
v -1.616796 -0.237216 11.886925
v -1.375329 -0.451211 11.886925
v -0.999235 -0.621038 11.886925
v -0.525328 -0.730074 11.886925
v 0.000001 -0.767646 11.886925
v 0.525330 -0.730074 11.886925
v 0.999236 -0.621038 11.886925
v 1.375329 -0.451210 11.886925
v 1.616796 -0.237215 11.886925
v 1.700000 0.000001 11.886925
v 1.616795 0.237216 11.886925
v 1.375327 0.451212 11.886925
v 0.999233 0.621039 11.886925
v 0.525326 0.730075 11.886925
v -0.000000 0.500134 28.805077
v -0.342261 0.475656 28.805077
v -0.651018 0.404617 28.805077
v -0.896050 0.293972 28.805077
v -1.053370 0.154550 28.805077
v -1.107579 0.000000 28.805077
v -1.053370 -0.154550 28.805077
v -0.896050 -0.293971 28.805077
v -0.651018 -0.404617 28.805077
v -0.342260 -0.475656 28.805077
v 0.000000 -0.500134 28.805077
v 0.342261 -0.475656 28.805077
v 0.651019 -0.404617 28.805077
v 0.896050 -0.293971 28.805077
v 1.053370 -0.154549 28.805077
v 1.107579 0.000001 28.805077
v 1.053369 0.154551 28.805077
v 0.896049 0.293972 28.805077
v 0.651017 0.404618 28.805077
v 0.342259 0.475656 28.805077
v -1.359056 -0.445872 15.298906
v -1.278714 -0.419514 18.638882
v -1.159865 -0.380523 21.889097
v -1.034886 -0.339520 24.691235
v -0.936155 -0.307129 26.944393
v -1.100517 -0.161467 26.944393
v -1.216582 -0.178496 24.691235
v -1.363503 -0.200053 21.889097
v -1.503219 -0.220552 18.638882
v -1.597666 -0.234409 15.298906
v 0.519114 -0.721436 15.298906
v 0.488426 -0.678788 18.638882
v 0.443030 -0.615698 21.889097
v 0.395292 -0.549355 24.691235
v 0.357580 -0.496945 26.944393
v 0.000000 -0.522519 26.944393
v 0.000000 -0.577626 24.691235
v 0.000000 -0.647384 21.889097
v 0.000001 -0.713720 18.638882
v 0.000001 -0.758563 15.298906
v 1.679886 0.000001 15.298906
v 1.580578 0.000001 18.638882
v 1.433672 0.000001 21.889097
v 1.279190 0.000001 24.691235
v 1.157152 0.000001 26.944393
v 1.100517 -0.161467 26.944393
v 1.216582 -0.178496 24.691235
v 1.363504 -0.200052 21.889097
v 1.503219 -0.220551 18.638882
v 1.597667 -0.234408 15.298906
v -1.597666 0.234409 15.298906
v -1.503219 0.220552 18.638882
v -1.363503 0.200053 21.889097
v -1.216582 0.178496 24.691235
v -1.100517 0.161467 26.944393
v -0.936155 0.307129 26.944393
v -1.034886 0.339520 24.691235
v -1.159865 0.380523 21.889097
v -1.278714 0.419514 18.638882
v -1.359056 0.445872 15.298906
v 0.519111 0.721437 15.298906
v 0.488423 0.678788 18.638882
v 0.443027 0.615699 21.889097
v 0.395290 0.549356 24.691235
v 0.357578 0.496946 26.944393
v 0.680155 0.422727 26.944393
v 0.751888 0.467310 24.691235
v 0.842690 0.523745 21.889097
v 0.929039 0.577412 18.638882
v 0.987410 0.613691 15.298906
v -0.519113 0.721436 15.298906
v -0.488425 0.678788 18.638882
v -0.443029 0.615699 21.889097
v -0.395291 0.549355 24.691235
v -0.357580 0.496945 26.944393
v -0.000000 0.522519 26.944393
v -0.000000 0.577626 24.691235
v -0.000000 0.647384 21.889097
v -0.000000 0.713720 18.638882
v -0.000000 0.758563 15.298906
v -0.987412 -0.613690 15.298906
v -0.929040 -0.577412 18.638882
v -0.842691 -0.523745 21.889097
v -0.751889 -0.467309 24.691235
v -0.680157 -0.422727 26.944393
v 0.987413 -0.613690 15.298906
v 0.929041 -0.577411 18.638882
v 0.842692 -0.523744 21.889097
v 0.751890 -0.467309 24.691235
v 0.680157 -0.422727 26.944393
v 1.597665 0.234410 15.298906
v 1.503218 0.220552 18.638882
v 1.363503 0.200053 21.889097
v 1.216581 0.178497 24.691235
v 1.100516 0.161468 26.944393
v -1.679886 -0.000000 15.298906
v -1.580578 0.000000 18.638882
v -1.433672 0.000000 21.889097
v -1.279190 0.000000 24.691235
v -1.157152 0.000000 26.944393
v -0.519113 -0.721436 15.298906
v -0.488425 -0.678788 18.638882
v -0.443029 -0.615699 21.889097
v -0.395291 -0.549355 24.691235
v -0.357579 -0.496945 26.944393
v 1.359057 -0.445872 15.298906
v 1.278715 -0.419514 18.638882
v 1.159866 -0.380522 21.889097
v 1.034887 -0.339520 24.691235
v 0.936156 -0.307129 26.944393
v -0.987412 0.613690 15.298906
v -0.929040 0.577412 18.638882
v -0.842691 0.523745 21.889097
v -0.751889 0.467310 24.691235
v -0.680157 0.422727 26.944393
v 1.359055 0.445873 15.298906
v 1.278713 0.419515 18.638882
v 1.159864 0.380523 21.889097
v 1.034885 0.339521 24.691235
v 0.936154 0.307130 26.944393
v -0.974766 -0.319796 26.063255
v -1.145906 -0.168127 26.063255
v 0.372328 -0.517441 26.063255
v 0.000000 -0.544070 26.063255
v 1.204877 0.000001 26.063255
v 1.145906 -0.168126 26.063255
v -1.145906 0.168127 26.063255
v -0.974766 0.319796 26.063255
v 0.372326 0.517441 26.063255
v 0.708208 0.440162 26.063255
v -0.372327 0.517441 26.063255
v -0.000000 0.544070 26.063255
v -0.708209 -0.440162 26.063255
v 0.708209 -0.440161 26.063255
v 1.145905 0.168127 26.063255
v -1.204877 0.000000 26.063255
v -0.372327 -0.517441 26.063255
v 0.974766 -0.319796 26.063255
v -0.708209 0.440162 26.063255
v 0.974765 0.319797 26.063255
v -0.916103 -0.300550 27.874735
v 0.349921 -0.486300 27.874735
v 1.132365 0.000001 27.874735
v -1.076943 0.158009 27.874735
v 0.349918 0.486301 27.874735
v -0.349920 0.486301 27.874735
v -0.665588 -0.413672 27.874735
v 0.665588 -0.413672 27.874735
v 1.076943 0.158009 27.874735
v -1.132365 0.000000 27.874735
v -0.349920 -0.486300 27.874735
v 0.916103 -0.300550 27.874735
v -0.665588 0.413672 27.874735
v 0.916102 0.300551 27.874735
v -1.076943 -0.158009 27.874735
v 0.000000 -0.511327 27.874735
v 1.076943 -0.158008 27.874735
v -0.916103 0.300550 27.874735
v 0.665586 0.413672 27.874735
v -0.000000 0.511327 27.874735
vn -0.0000 1.0000 0.0027
vn -0.1483 0.9889 0.0028
vn -0.3196 0.9475 0.0031
vn -0.5438 0.8392 0.0039
vn -0.8303 0.5573 0.0051
vn -1.0000 -0.0000 0.0059
vn -0.8303 -0.5573 0.0051
vn -0.5438 -0.8392 0.0039
vn -0.3196 -0.9475 0.0031
vn -0.1483 -0.9889 0.0028
vn -0.0000 -1.0000 0.0027
vn 0.1483 -0.9889 0.0028
vn 0.3196 -0.9475 0.0031
vn 0.5438 -0.8392 0.0039
vn 0.8303 -0.5573 0.0051
vn 1.0000 -0.0000 0.0059
vn 0.8303 0.5573 0.0051
vn 0.5438 0.8392 0.0039
vn 0.3196 0.9475 0.0031
vn 0.1483 0.9889 0.0028
vn -0.0000 0.9999 0.0120
vn -0.1479 0.9889 0.0125
vn -0.3187 0.9477 0.0142
vn -0.5423 0.8400 0.0176
vn -0.8289 0.5589 0.0231
vn -0.9996 -0.0000 0.0266
vn -0.8289 -0.5589 0.0231
vn -0.5423 -0.8400 0.0176
vn -0.3187 -0.9477 0.0142
vn -0.1479 -0.9889 0.0125
vn -0.0000 -0.9999 0.0120
vn 0.1479 -0.9889 0.0125
vn 0.3187 -0.9477 0.0142
vn 0.5423 -0.8400 0.0176
vn 0.8289 -0.5589 0.0231
vn 0.9996 -0.0000 0.0266
vn 0.8289 0.5589 0.0231
vn 0.5423 0.8400 0.0176
vn 0.3187 0.9477 0.0142
vn 0.1479 0.9889 0.0125
vn -0.5440 -0.8390 0.0118
vn -0.5437 -0.8389 0.0248
vn -0.5434 -0.8388 0.0332
vn -0.5431 -0.8389 0.0362
vn -0.5427 -0.8395 0.0267
vn -0.8291 -0.5580 0.0350
vn -0.8291 -0.5571 0.0473
vn -0.8295 -0.5569 0.0434
vn -0.8299 -0.5569 0.0325
vn -0.8304 -0.5569 0.0154
vn 0.1484 -0.9889 0.0084
vn 0.1483 -0.9888 0.0176
vn 0.1482 -0.9887 0.0236
vn 0.1482 -0.9886 0.0257
vn 0.1480 -0.9888 0.0190
vn -0.0000 -0.9998 0.0182
vn -0.0000 -0.9997 0.0247
vn -0.0000 -0.9997 0.0226
vn -0.0000 -0.9999 0.0169
vn -0.0000 -1.0000 0.0080
vn 0.9998 -0.0000 0.0178
vn 0.9993 -0.0000 0.0374
vn 0.9987 -0.0000 0.0500
vn 0.9985 -0.0000 0.0546
vn 0.9992 -0.0000 0.0405
vn 0.8291 -0.5580 0.0351
vn 0.8291 -0.5571 0.0473
vn 0.8295 -0.5568 0.0434
vn 0.8299 -0.5569 0.0325
vn 0.8304 -0.5569 0.0154
vn -0.8304 0.5569 0.0154
vn -0.8299 0.5569 0.0325
vn -0.8295 0.5569 0.0434
vn -0.8291 0.5571 0.0473
vn -0.8291 0.5580 0.0350
vn -0.5427 0.8395 0.0267
vn -0.5431 0.8389 0.0362
vn -0.5434 0.8388 0.0332
vn -0.5437 0.8389 0.0248
vn -0.5440 0.8390 0.0118
vn 0.1484 0.9889 0.0084
vn 0.1483 0.9888 0.0176
vn 0.1482 0.9887 0.0236
vn 0.1482 0.9886 0.0257
vn 0.1480 0.9888 0.0190
vn 0.3190 0.9475 0.0216
vn 0.3193 0.9472 0.0292
vn 0.3195 0.9472 0.0268
vn 0.3196 0.9473 0.0200
vn 0.3197 0.9475 0.0095
vn -0.1484 0.9889 0.0084
vn -0.1483 0.9888 0.0176
vn -0.1482 0.9887 0.0236
vn -0.1482 0.9886 0.0257
vn -0.1480 0.9888 0.0190
vn -0.0000 0.9998 0.0182
vn -0.0000 0.9997 0.0247
vn -0.0000 0.9997 0.0226
vn -0.0000 0.9999 0.0169
vn -0.0000 1.0000 0.0080
vn -0.3197 -0.9475 0.0095
vn -0.3196 -0.9473 0.0200
vn -0.3195 -0.9472 0.0268
vn -0.3193 -0.9472 0.0292
vn -0.3190 -0.9475 0.0216
vn 0.3197 -0.9475 0.0095
vn 0.3196 -0.9473 0.0200
vn 0.3195 -0.9472 0.0268
vn 0.3193 -0.9472 0.0292
vn 0.3190 -0.9475 0.0216
vn 0.8304 0.5569 0.0154
vn 0.8299 0.5569 0.0325
vn 0.8295 0.5569 0.0434
vn 0.8291 0.5571 0.0473
vn 0.8291 0.5580 0.0350
vn -0.9998 -0.0000 0.0178
vn -0.9993 -0.0000 0.0374
vn -0.9987 -0.0000 0.0500
vn -0.9985 -0.0000 0.0546
vn -0.9992 -0.0000 0.0405
vn -0.1484 -0.9889 0.0084
vn -0.1483 -0.9888 0.0176
vn -0.1482 -0.9887 0.0236
vn -0.1482 -0.9886 0.0257
vn -0.1480 -0.9888 0.0190
vn 0.5440 -0.8390 0.0118
vn 0.5437 -0.8389 0.0248
vn 0.5434 -0.8388 0.0332
vn 0.5431 -0.8389 0.0362
vn 0.5427 -0.8395 0.0267
vn -0.3197 0.9475 0.0095
vn -0.3196 0.9473 0.0200
vn -0.3195 0.9472 0.0268
vn -0.3193 0.9472 0.0292
vn -0.3190 0.9475 0.0216
vn 0.5440 0.8390 0.0118
vn 0.5437 0.8389 0.0248
vn 0.5434 0.8388 0.0332
vn 0.5431 0.8389 0.0362
vn 0.5427 0.8395 0.0267
vn -0.5432 -0.8389 0.0359
vn -0.8292 -0.5570 0.0469
vn 0.1482 -0.9886 0.0255
vn -0.0000 -0.9997 0.0245
vn 0.9985 -0.0000 0.0541
vn 0.8292 -0.5570 0.0469
vn -0.8292 0.5570 0.0469
vn -0.5432 0.8389 0.0359
vn 0.1482 0.9886 0.0255
vn 0.3193 0.9472 0.0289
vn -0.1482 0.9886 0.0255
vn -0.0000 0.9997 0.0245
vn -0.3193 -0.9472 0.0289
vn 0.3193 -0.9472 0.0289
vn 0.8292 0.5570 0.0469
vn -0.9985 -0.0000 0.0541
vn -0.1482 -0.9886 0.0255
vn 0.5432 -0.8389 0.0359
vn -0.3193 0.9472 0.0289
vn 0.5432 0.8389 0.0359
vn -0.5435 -0.8393 0.0176
vn 0.1482 -0.9889 0.0125
vn -0.8299 0.5575 0.0231
vn 0.1482 0.9889 0.0125
vn -0.1482 0.9889 0.0125
vn -0.3194 -0.9475 0.0142
vn 0.3194 -0.9475 0.0142
vn 0.8299 0.5575 0.0231
vn -0.1482 -0.9889 0.0125
vn 0.5435 -0.8393 0.0176
vn -0.3194 0.9475 0.0142
vn 0.5435 0.8393 0.0176
vn -0.8299 -0.5575 0.0231
vn 0.8299 -0.5575 0.0231
vn -0.5435 0.8393 0.0176
vn 0.3194 0.9475 0.0142
vt 0.563723 0.067928
vt 0.558532 0.073119
vt 0.535440 0.052916
vt 0.540498 0.047857
vt 0.536276 0.095375
vt 0.528084 0.103566
vt 0.505795 0.082560
vt 0.513763 0.074593
vt 0.508723 0.122928
vt 0.504493 0.127157
vt 0.482970 0.105385
vt 0.487038 0.101318
vt 0.450503 0.181148
vt 0.445321 0.186330
vt 0.425438 0.162917
vt 0.430502 0.157854
vt 0.488510 0.143141
vt 0.480912 0.150738
vt 0.460147 0.128208
vt 0.467529 0.120826
vt 0.472728 0.158923
vt 0.464555 0.167096
vt 0.444215 0.144140
vt 0.452181 0.136174
vt 0.552038 0.079613
vt 0.529112 0.059243
vt 0.520481 0.111169
vt 0.498412 0.089943
vt 0.500264 0.131387
vt 0.478903 0.109453
vt 0.572087 0.059564
vt 0.567910 0.063741
vt 0.544580 0.043776
vt 0.548662 0.039693
vt 0.544459 0.087192
vt 0.521729 0.066626
vt 0.513953 0.117697
vt 0.492087 0.096268
vt 0.456986 0.174665
vt 0.436832 0.151523
vt 0.495035 0.136616
vt 0.473853 0.114502
vt 0.845723 0.500627
vt 0.835985 0.510366
vt 0.770251 0.442468
vt 0.779697 0.433022
vt 0.695243 0.364111
vt 0.704137 0.355217
vt 0.622733 0.286990
vt 0.630858 0.278864
vt 0.560232 0.219808
vt 0.567571 0.212469
vt 0.541894 0.185599
vt 0.534861 0.192632
vt 0.509491 0.165455
vt 0.516217 0.158729
vt 0.788891 0.557459
vt 0.779170 0.567181
vt 0.714616 0.498104
vt 0.724179 0.488540
vt 0.642918 0.416437
vt 0.651911 0.407443
vt 0.575080 0.334643
vt 0.583251 0.326472
vt 0.517416 0.262624
vt 0.524728 0.255312
vt 0.500934 0.226559
vt 0.493960 0.233533
vt 0.470504 0.204442
vt 0.477140 0.197806
vt 0.874065 0.472286
vt 0.866242 0.480109
vt 0.799414 0.413305
vt 0.806957 0.405762
vt 0.722751 0.336603
vt 0.729865 0.329489
vt 0.647884 0.261839
vt 0.654389 0.255334
vt 0.582975 0.197065
vt 0.588860 0.191181
vt 0.562339 0.165154
vt 0.556692 0.170801
vt 0.530408 0.144538
vt 0.535819 0.139127
vt 0.919584 0.426766
vt 0.907364 0.438987
vt 0.839362 0.373357
vt 0.851315 0.361404
vt 0.760362 0.298992
vt 0.771605 0.287749
vt 0.682237 0.227486
vt 0.692485 0.217238
vt 0.613986 0.166054
vt 0.623205 0.156835
vt 0.595197 0.132297
vt 0.586388 0.141105
vt 0.558789 0.116157
vt 0.567188 0.107758
vt 0.954767 0.391584
vt 0.948452 0.397899
vt 0.879611 0.333108
vt 0.885810 0.326910
vt 0.798228 0.261126
vt 0.804060 0.255294
vt 0.716704 0.193019
vt 0.721994 0.187729
vt 0.644925 0.135115
vt 0.649650 0.130391
vt 0.620445 0.107048
vt 0.615937 0.111557
vt 0.586948 0.087998
vt 0.591241 0.083705
vt 0.853545 0.492805
vt 0.787241 0.425479
vt 0.711250 0.348104
vt 0.637362 0.272361
vt 0.573452 0.206588
vt 0.547539 0.179955
vt 0.521625 0.153321
vt 0.800219 0.546132
vt 0.735302 0.477417
vt 0.662371 0.396983
vt 0.592766 0.316957
vt 0.533260 0.246780
vt 0.509077 0.218416
vt 0.484894 0.190052
vt 0.883806 0.462545
vt 0.816400 0.396319
vt 0.738758 0.320596
vt 0.662518 0.247205
vt 0.596205 0.183835
vt 0.569378 0.158115
vt 0.542551 0.132395
vt 0.930919 0.415432
vt 0.862419 0.350301
vt 0.782050 0.277304
vt 0.701996 0.207726
vt 0.631748 0.148293
vt 0.603355 0.124138
vt 0.574963 0.099983
vt 0.824650 0.521700
vt 0.812434 0.533917
vt 0.747272 0.465448
vt 0.759210 0.453509
vt 0.673627 0.385727
vt 0.684855 0.374499
vt 0.603016 0.306707
vt 0.613253 0.296470
vt 0.542468 0.237572
vt 0.551682 0.228358
vt 0.526680 0.200813
vt 0.517871 0.209622
vt 0.493275 0.181671
vt 0.501677 0.173269
vt 0.961081 0.385270
vt 0.892021 0.320698
vt 0.809889 0.249465
vt 0.727270 0.182453
vt 0.654353 0.125687
vt 0.624932 0.102561
vt 0.595512 0.079434
vt 0.859893 0.486457
vt 0.793327 0.419392
vt 0.717000 0.342354
vt 0.642622 0.267101
vt 0.578213 0.201827
vt 0.552115 0.175378
vt 0.526017 0.148930
vt 0.895144 0.451207
vt 0.827434 0.385285
vt 0.749142 0.310212
vt 0.672000 0.237723
vt 0.604762 0.175278
vt 0.577568 0.149925
vt 0.550373 0.124573
vt 0.940650 0.405701
vt 0.871959 0.340760
vt 0.791027 0.268327
vt 0.710162 0.199560
vt 0.639070 0.140970
vt 0.610347 0.117146
vt 0.581624 0.093323
vt 0.771390 0.574961
vt 0.706944 0.505775
vt 0.635704 0.423650
vt 0.568534 0.341189
vt 0.511566 0.268474
vt 0.488385 0.239108
vt 0.465204 0.209742
s 1
usemtl Sting
f 175/1/173 161/2/161 28/3/28 27/4/27
f 176/5/31 162/6/162 32/7/32 31/8/31
f 177/9/174 163/10/36 36/11/36 35/12/35
f 178/13/175 164/14/163 25/15/25 24/16/24
f 179/17/176 165/18/164 40/19/40 39/20/39
f 180/21/21 166/22/165 22/23/22 21/24/21
f 161/2/161 167/25/166 29/26/29 28/3/28
f 162/6/162 168/27/167 33/28/33 32/7/32
f 163/10/36 169/29/168 37/30/37 36/11/36
f 164/31/163 170/32/26 26/33/26 25/34/25
f 165/18/164 180/21/21 21/24/21 40/19/40
f 167/25/166 171/35/169 30/36/30 29/26/29
f 168/27/167 172/37/170 34/38/34 33/28/33
f 166/22/165 173/39/171 23/40/23 22/23/22
f 169/29/168 174/41/172 38/42/38 37/30/37
f 170/32/26 175/1/173 27/4/27 26/33/26
f 171/35/169 176/5/31 31/8/31 30/36/30
f 172/37/170 177/9/174 35/12/35 34/38/34
f 173/39/171 178/13/175 24/16/24 23/40/23
f 174/41/172 179/17/176 39/20/39 38/42/38
f 18/43/18 19/44/19 90/45/90 136/46/136
f 136/46/136 90/45/90 89/47/89 137/48/137
f 137/48/137 89/47/89 88/49/88 138/50/138
f 138/50/138 88/49/88 87/51/87 139/52/139
f 160/53/160 150/54/150 86/55/86 140/56/140
f 3/57/3 4/58/4 80/59/80 131/60/131
f 131/60/131 80/59/80 79/61/79 132/62/132
f 132/62/132 79/61/79 78/63/78 133/64/133
f 133/64/133 78/63/78 77/65/77 134/66/134
f 159/67/159 148/68/148 76/69/76 135/70/135
f 14/71/14 15/72/15 70/73/70 126/74/126
f 126/74/126 70/73/70 69/75/69 127/76/127
f 127/76/127 69/75/69 68/77/68 128/78/128
f 128/78/128 68/77/68 67/79/67 129/80/129
f 158/81/158 146/82/146 66/83/66 130/84/130
f 10/85/10 11/86/11 60/87/60 121/88/121
f 121/88/121 60/87/60 59/89/59 122/90/122
f 122/90/122 59/89/59 58/91/58 123/92/123
f 123/92/123 58/91/58 57/93/57 124/94/124
f 157/95/157 144/96/144 56/97/56 125/98/125
f 6/99/6 7/100/7 50/101/50 116/102/116
f 116/102/116 50/101/50 49/103/49 117/104/117
f 117/104/117 49/103/49 48/105/48 118/106/118
f 118/106/118 48/105/48 47/107/47 119/108/119
f 156/109/156 142/110/142 46/111/46 120/112/120
f 17/113/17 18/43/18 136/46/136 111/114/111
f 111/114/111 136/46/136 137/48/137 112/115/112
f 112/115/112 137/48/137 138/50/138 113/116/113
f 113/116/113 138/50/138 139/52/139 114/117/114
f 155/118/155 160/53/160 140/56/140 115/119/115
f 2/120/2 3/57/3 131/60/131 91/121/91
f 91/121/91 131/60/131 132/62/132 92/122/92
f 92/122/92 132/62/132 133/64/133 93/123/93
f 93/123/93 133/64/133 134/66/134 94/124/94
f 151/125/151 159/67/159 135/70/135 95/126/95
f 13/127/13 14/71/14 126/74/126 106/128/106
f 106/128/106 126/74/126 127/76/127 107/129/107
f 107/129/107 127/76/127 128/78/128 108/130/108
f 108/130/108 128/78/128 129/80/129 109/131/109
f 154/132/154 158/81/158 130/84/130 110/133/110
f 9/134/9 10/85/10 121/88/121 101/135/101
f 101/135/101 121/88/121 122/90/122 102/136/102
f 102/136/102 122/90/122 123/92/123 103/137/103
f 103/137/103 123/92/123 124/94/124 104/138/104
f 153/139/153 157/95/157 125/98/125 105/140/105
f 20/141/20 1/142/1 100/143/100 81/144/81
f 81/144/81 100/143/100 99/145/99 82/146/82
f 82/146/82 99/145/99 98/147/98 83/148/83
f 83/148/83 98/147/98 97/149/97 84/150/84
f 149/151/149 152/152/152 96/153/96 85/154/85
f 5/155/5 6/99/6 116/102/116 71/156/71
f 71/156/71 116/102/116 117/104/117 72/157/72
f 72/157/72 117/104/117 118/106/118 73/158/73
f 73/158/73 118/106/118 119/108/119 74/159/74
f 147/160/147 156/109/156 120/112/120 75/161/75
f 16/162/16 17/113/17 111/114/111 61/163/61
f 61/163/61 111/114/111 112/115/112 62/164/62
f 62/164/62 112/115/112 113/116/113 63/165/63
f 63/165/63 113/116/113 114/117/114 64/166/64
f 145/167/145 155/118/155 115/119/115 65/168/65
f 12/169/12 13/127/13 106/128/106 51/170/51
f 51/170/51 106/128/106 107/129/107 52/171/52
f 52/171/52 107/129/107 108/130/108 53/172/53
f 53/172/53 108/130/108 109/131/109 54/173/54
f 143/174/143 154/132/154 110/133/110 55/175/55
f 8/176/8 9/134/9 101/135/101 41/177/41
f 41/177/41 101/135/101 102/136/102 42/178/42
f 42/178/42 102/136/102 103/137/103 43/179/43
f 43/179/43 103/137/103 104/138/104 44/180/44
f 141/181/141 153/139/153 105/140/105 45/182/45
f 1/142/1 2/120/2 91/121/91 100/143/100
f 100/143/100 91/121/91 92/122/92 99/145/99
f 99/145/99 92/122/92 93/123/93 98/147/98
f 98/147/98 93/123/93 94/124/94 97/149/97
f 152/152/152 151/125/151 95/126/95 96/153/96
f 19/44/19 20/141/20 81/144/81 90/45/90
f 90/45/90 81/144/81 82/146/82 89/47/89
f 89/47/89 82/146/82 83/148/83 88/49/88
f 88/49/88 83/148/83 84/150/84 87/51/87
f 150/54/150 149/151/149 85/154/85 86/55/86
f 4/58/4 5/183/5 71/184/71 80/59/80
f 80/59/80 71/184/71 72/185/72 79/61/79
f 79/61/79 72/185/72 73/186/73 78/63/78
f 78/63/78 73/186/73 74/187/74 77/65/77
f 148/68/148 147/188/147 75/189/75 76/69/76
f 15/72/15 16/162/16 61/163/61 70/73/70
f 70/73/70 61/163/61 62/164/62 69/75/69
f 69/75/69 62/164/62 63/165/63 68/77/68
f 68/77/68 63/165/63 64/166/64 67/79/67
f 146/82/146 145/167/145 65/168/65 66/83/66
f 11/86/11 12/169/12 51/170/51 60/87/60
f 60/87/60 51/170/51 52/171/52 59/89/59
f 59/89/59 52/171/52 53/172/53 58/91/58
f 58/91/58 53/172/53 54/173/54 57/93/57
f 144/96/144 143/174/143 55/175/55 56/97/56
f 7/100/7 8/176/8 41/177/41 50/101/50
f 50/101/50 41/177/41 42/178/42 49/103/49
f 49/103/49 42/178/42 43/179/43 48/105/48
f 48/105/48 43/179/43 44/180/44 47/107/47
f 142/110/142 141/181/141 45/182/45 46/111/46
f 47/107/47 44/180/44 141/181/141 142/110/142
f 57/93/57 54/173/54 143/174/143 144/96/144
f 67/79/67 64/166/64 145/167/145 146/82/146
f 77/65/77 74/187/74 147/188/147 148/68/148
f 87/51/87 84/150/84 149/151/149 150/54/150
f 97/149/97 94/124/94 151/125/151 152/152/152
f 44/180/44 104/138/104 153/139/153 141/181/141
f 54/173/54 109/131/109 154/132/154 143/174/143
f 64/166/64 114/117/114 155/118/155 145/167/145
f 74/159/74 119/108/119 156/109/156 147/160/147
f 84/150/84 97/149/97 152/152/152 149/151/149
f 104/138/104 124/94/124 157/95/157 153/139/153
f 109/131/109 129/80/129 158/81/158 154/132/154
f 94/124/94 134/66/134 159/67/159 151/125/151
f 114/117/114 139/52/139 160/53/160 155/118/155
f 119/108/119 47/107/47 142/110/142 156/109/156
f 124/94/124 57/93/57 144/96/144 157/95/157
f 129/80/129 67/79/67 146/82/146 158/81/158
f 134/66/134 77/65/77 148/68/148 159/67/159
f 139/52/139 87/51/87 150/54/150 160/53/160
f 140/56/140 86/55/86 179/17/176 174/41/172
f 135/70/135 76/69/76 178/13/175 173/39/171
f 130/84/130 66/83/66 177/9/174 172/37/170
f 125/98/125 56/97/56 176/5/31 171/35/169
f 120/112/120 46/111/46 175/1/173 170/32/26
f 115/119/115 140/56/140 174/41/172 169/29/168
f 95/126/95 135/70/135 173/39/171 166/22/165
f 110/133/110 130/84/130 172/37/170 168/27/167
f 105/140/105 125/98/125 171/35/169 167/25/166
f 85/154/85 96/153/96 180/21/21 165/18/164
f 75/161/75 120/112/120 170/32/26 164/31/163
f 65/168/65 115/119/115 169/29/168 163/10/36
f 55/175/55 110/133/110 168/27/167 162/6/162
f 45/182/45 105/140/105 167/25/166 161/2/161
f 96/153/96 95/126/95 166/22/165 180/21/21
f 86/55/86 85/154/85 165/18/164 179/17/176
f 76/69/76 75/189/75 164/14/163 178/13/175
f 66/83/66 65/168/65 163/10/36 177/9/174
f 56/97/56 55/175/55 162/6/162 176/5/31
f 46/111/46 45/182/45 161/2/161 175/1/173
o Lame
v 0.000000 0.591931 1.812692
v 0.000000 0.591931 -1.913454
v 0.000000 0.591931 8.563745
v 0.000000 0.591931 12.241557
v 0.000000 0.591931 -10.982032
v 0.000000 0.161176 -29.068806
v 0.000000 0.542536 -14.599386
v 0.000000 0.493140 -18.216742
v 0.000000 0.394349 -21.834097
v 0.000000 0.295557 -25.451450
v 0.000000 0.591931 -6.447743
v 0.000000 0.591931 5.213409
v 0.000000 0.591931 9.483198
v 0.000000 0.591931 10.402651
v 0.000000 0.591931 11.322104
v 0.363749 0.404109 1.812692
v 1.079480 0.252024 1.812692
v 0.353640 0.408846 8.563745
v 1.049478 0.259540 8.563745
v 0.737814 0.248232 12.241557
v 2.189572 0.051569 12.241557
v 0.353640 0.408846 5.213408
v 1.049478 0.259540 5.213409
v 0.363749 0.404109 9.483197
v 1.079480 0.252024 9.483198
v 0.394079 0.390062 10.402650
v 1.169487 0.230139 10.402651
v 0.505287 0.340684 11.322103
v 1.499515 0.158397 11.322104
v 1.169487 0.230139 -1.913454
v 0.394079 0.390062 -1.913454
v 1.349502 0.189351 -10.982032
v 0.454738 0.362714 -10.982032
v 0.251292 0.131352 -29.126291
v 0.090783 0.158021 -29.092228
v 1.343502 0.184912 -14.599386
v 0.452716 0.341612 -14.599386
v 1.217492 0.202942 -18.216742
v 0.410255 0.334506 -18.216742
v 0.971471 0.225984 -21.834097
v 0.327354 0.307539 -21.834097
v 0.695448 0.229151 -25.451450
v 0.234343 0.264168 -25.451450
v 1.319500 0.195873 -6.447743
v 0.444628 0.367203 -6.447743
v -0.394079 0.390062 -1.913454
v -1.169487 0.230139 -1.913454
v -0.454738 0.362714 -10.982032
v -1.349502 0.189351 -10.982032
v -0.090783 0.158021 -29.092228
v -0.251292 0.131352 -29.126291
v -0.452716 0.341612 -14.599386
v -1.343502 0.184912 -14.599386
v -0.410255 0.334506 -18.216742
v -1.217492 0.202942 -18.216742
v -0.327354 0.307539 -21.834097
v -0.971471 0.225984 -21.834097
v -0.234343 0.264168 -25.451450
v -0.695448 0.229151 -25.451450
v -0.444628 0.367203 -6.447743
v -1.319500 0.195873 -6.447743
v -1.079480 0.252024 1.812692
v -0.363749 0.404109 1.812692
v -1.049478 0.259540 8.563745
v -0.353640 0.408846 8.563745
v -2.189572 0.051569 12.241557
v -0.737814 0.248232 12.241557
v -1.049478 0.259540 5.213409
v -0.353640 0.408846 5.213408
v -1.079480 0.252024 9.483198
v -0.363749 0.404109 9.483197
v -1.169487 0.230139 10.402651
v -0.394079 0.390062 10.402650
v -1.499515 0.158397 11.322104
v -0.505287 0.340684 11.322103
v 0.000000 0.145376 -29.231144
v -0.087766 0.105893 -29.487164
v 0.087766 0.105893 -29.487164
v 0.000000 0.067659 -29.833128
v -1.812692 0.000000 1.812692
v 1.812692 0.000000 1.812692
v -1.963835 0.000000 -1.913454
v 1.963835 0.000000 -1.913454
v -1.762311 0.000000 8.563745
v 1.762311 0.000000 8.563745
v -3.676789 0.000000 12.241557
v 3.676789 0.000000 12.241557
v -2.266121 0.000000 -10.982032
v 2.266121 0.000000 -10.982032
v -0.452405 0.000000 -29.068806
v 0.452405 0.000000 -29.068806
v 0.000000 0.000000 -30.340366
v 2.256045 0.000000 -14.599386
v 2.044445 0.000000 -18.216742
v 1.631321 0.000000 -21.834097
v 1.167816 0.000000 -25.451450
v -1.167816 0.000000 -25.451450
v -1.631321 0.000000 -21.834097
v -2.044445 0.000000 -18.216742
v -2.256045 0.000000 -14.599386
v 2.215740 0.000000 -6.447743
v -2.215740 0.000000 -6.447743
v -1.762311 0.000000 5.213409
v 1.762311 0.000000 5.213409
v -1.812692 0.000000 9.483198
v -1.963835 0.000000 10.402651
v -2.518026 0.000000 11.322104
v 2.518026 0.000000 11.322104
v 1.963835 0.000000 10.402651
v 1.812692 0.000000 9.483198
v 0.000000 -0.591931 1.812692
v 0.000000 -0.591931 -1.913454
v 0.000000 -0.591931 8.563745
v 0.000000 -0.591931 12.241557
v 0.000000 -0.591931 -10.982032
v 0.000000 -0.161176 -29.068806
v 0.000000 -0.542536 -14.599386
v 0.000000 -0.493140 -18.216742
v 0.000000 -0.394349 -21.834097
v 0.000000 -0.295557 -25.451450
v 0.000000 -0.591931 -6.447743
v 0.000000 -0.591931 5.213409
v 0.000000 -0.591931 9.483198
v 0.000000 -0.591931 10.402651
v 0.000000 -0.591931 11.322104
v 0.363749 -0.404109 1.812692
v 1.079480 -0.252024 1.812692
v 0.353640 -0.408846 8.563745
v 1.049478 -0.259540 8.563745
v 0.737814 -0.248232 12.241557
v 2.189572 -0.051569 12.241557
v -0.124400 0.000000 -30.042839
v -0.243025 0.000000 -29.555824
v 0.353640 -0.408846 5.213408
v 1.049478 -0.259540 5.213409
v 0.363749 -0.404109 9.483197
v 1.079480 -0.252024 9.483198
v 0.394079 -0.390062 10.402650
v 1.169487 -0.230139 10.402651
v 0.505287 -0.340684 11.322103
v 1.499515 -0.158397 11.322104
v 1.169487 -0.230139 -1.913454
v 0.394079 -0.390062 -1.913454
v 1.349502 -0.189351 -10.982032
v 0.454738 -0.362714 -10.982032
v 0.251292 -0.131352 -29.126291
v 0.090783 -0.158021 -29.092228
v 1.343502 -0.184912 -14.599386
v 0.452716 -0.341612 -14.599386
v 1.217492 -0.202942 -18.216742
v 0.410255 -0.334506 -18.216742
v 0.971471 -0.225984 -21.834097
v 0.327354 -0.307539 -21.834097
v 0.695448 -0.229151 -25.451450
v 0.234343 -0.264168 -25.451450
v 1.319500 -0.195873 -6.447743
v 0.444628 -0.367203 -6.447743
v -0.394079 -0.390062 -1.913454
v -1.169487 -0.230139 -1.913454
v -0.454738 -0.362714 -10.982032
v -1.349502 -0.189351 -10.982032
v -0.090783 -0.158021 -29.092228
v -0.251292 -0.131352 -29.126291
v 0.243025 0.000000 -29.555824
v 0.124400 0.000000 -30.042839
v -0.452716 -0.341612 -14.599386
v -1.343502 -0.184912 -14.599386
v -0.410255 -0.334506 -18.216742
v -1.217492 -0.202942 -18.216742
v -0.327354 -0.307539 -21.834097
v -0.971471 -0.225984 -21.834097
v -0.234343 -0.264168 -25.451450
v -0.695448 -0.229151 -25.451450
v -0.444628 -0.367203 -6.447743
v -1.319500 -0.195873 -6.447743
v -1.079480 -0.252024 1.812692
v -0.363749 -0.404109 1.812692
v -1.049478 -0.259540 8.563745
v -0.353640 -0.408846 8.563745
v -2.189572 -0.051569 12.241557
v -0.737814 -0.248232 12.241557
v -1.049478 -0.259540 5.213409
v -0.353640 -0.408846 5.213408
v -1.079480 -0.252024 9.483198
v -0.363749 -0.404109 9.483197
v -1.169487 -0.230139 10.402651
v -0.394079 -0.390062 10.402650
v -1.499515 -0.158397 11.322104
v -0.505287 -0.340684 11.322103
v 0.000000 -0.145376 -29.231144
v -0.087766 -0.105893 -29.487164
v 0.087766 -0.105893 -29.487164
v 0.000000 -0.067659 -29.833128
vn -0.0000 1.0000 0.0001
vn -0.0000 1.0000 0.0003
vn -0.0000 1.0000 -0.0001
vn -0.0000 0.9999 -0.0102
vn -0.0000 1.0000 -0.0049
vn -0.0000 0.9981 -0.0611
vn -0.0000 0.9999 -0.0101
vn -0.0000 0.9999 -0.0158
vn -0.0000 0.9998 -0.0218
vn -0.0000 0.9996 -0.0288
vn -0.0000 1.0000 0.0002
vn -0.0000 1.0000 -0.0000
vn -0.0000 1.0000 -0.0006
vn -0.0000 1.0000 -0.0022
vn -0.0000 1.0000 -0.0069
vn 0.3358 0.9419 -0.0004
vn 0.2623 0.9650 0.0019
vn 0.3379 0.9412 0.0004
vn 0.2735 0.9619 -0.0021
vn 0.2720 0.9622 0.0140
vn 0.1040 0.9945 -0.0095
vn 0.3375 0.9413 -0.0001
vn 0.2740 0.9617 0.0006
vn 0.3365 0.9417 0.0017
vn 0.2616 0.9651 -0.0073
vn 0.3325 0.9431 0.0048
vn 0.2270 0.9738 -0.0124
vn 0.3155 0.9489 0.0081
vn 0.1674 0.9858 -0.0086
vn 0.2371 0.9715 0.0027
vn 0.3312 0.9435 -0.0007
vn 0.1953 0.9807 -0.0010
vn 0.3158 0.9488 -0.0033
vn 0.3326 0.9316 -0.1465
vn 0.0830 0.9936 -0.0770
vn 0.1921 0.9814 -0.0037
vn 0.2923 0.9563 -0.0062
vn 0.2033 0.9791 -0.0100
vn 0.2544 0.9670 -0.0098
vn 0.2281 0.9734 -0.0197
vn 0.1938 0.9809 -0.0151
vn 0.2701 0.9618 -0.0441
vn 0.1281 0.9914 -0.0259
vn 0.2103 0.9776 0.0016
vn 0.3256 0.9455 -0.0005
vn -0.3312 0.9435 -0.0007
vn -0.2371 0.9715 0.0027
vn -0.3158 0.9488 -0.0033
vn -0.1953 0.9807 -0.0010
vn -0.0830 0.9936 -0.0770
vn -0.3326 0.9316 -0.1465
vn -0.2923 0.9563 -0.0062
vn -0.1921 0.9814 -0.0037
vn -0.2544 0.9670 -0.0098
vn -0.2033 0.9791 -0.0100
vn -0.1938 0.9809 -0.0151
vn -0.2281 0.9734 -0.0197
vn -0.1281 0.9914 -0.0259
vn -0.2701 0.9618 -0.0441
vn -0.3256 0.9455 -0.0005
vn -0.2103 0.9776 0.0016
vn -0.2623 0.9650 0.0019
vn -0.3358 0.9419 -0.0004
vn -0.2735 0.9619 -0.0021
vn -0.3379 0.9412 0.0004
vn -0.1040 0.9945 -0.0095
vn -0.2720 0.9622 0.0140
vn -0.2740 0.9617 0.0006
vn -0.3375 0.9413 -0.0001
vn -0.2616 0.9651 -0.0073
vn -0.3365 0.9417 0.0017
vn -0.2270 0.9738 -0.0124
vn -0.3325 0.9431 0.0048
vn -0.1674 0.9858 -0.0086
vn -0.3155 0.9489 0.0081
vn -0.0000 0.9922 -0.1249
vn -0.2459 0.9543 -0.1700
vn 0.2459 0.9543 -0.1700
vn -0.0000 0.9885 -0.1510
vn -0.9999 -0.0000 0.0156
vn 0.9999 -0.0000 0.0156
vn -0.9997 -0.0000 0.0259
vn 0.9997 -0.0000 0.0259
vn -0.9999 -0.0000 -0.0161
vn 0.9999 -0.0000 -0.0161
vn -0.9546 -0.0000 -0.2979
vn 0.9546 -0.0000 -0.2979
vn -1.0000 -0.0000 0.0002
vn 1.0000 -0.0000 0.0002
vn -0.9596 -0.0000 -0.2813
vn 0.9596 -0.0000 -0.2813
vn -0.0000 -0.0000 -1.0000
vn 0.9998 -0.0000 -0.0207
vn 0.9982 -0.0000 -0.0592
vn 0.9958 -0.0000 -0.0910
vn 0.9899 -0.0000 -0.1421
vn -0.9899 -0.0000 -0.1421
vn -0.9959 -0.0000 -0.0910
vn -0.9982 -0.0000 -0.0592
vn -0.9998 -0.0000 -0.0207
vn 0.9998 -0.0000 0.0181
vn -0.9998 -0.0000 0.0181
vn -1.0000 -0.0000 0.0043
vn 1.0000 -0.0000 0.0043
vn -0.9980 -0.0000 -0.0630
vn -0.9811 -0.0000 -0.1937
vn -0.9564 -0.0000 -0.2920
vn 0.9564 -0.0000 -0.2920
vn 0.9811 -0.0000 -0.1937
vn 0.9980 -0.0000 -0.0630
vn -0.0000 -1.0000 0.0001
vn -0.0000 -1.0000 0.0003
vn -0.0000 -1.0000 -0.0001
vn -0.0000 -0.9999 -0.0102
vn -0.0000 -1.0000 -0.0049
vn -0.0000 -0.9981 -0.0611
vn -0.0000 -0.9999 -0.0101
vn -0.0000 -0.9999 -0.0158
vn -0.0000 -0.9998 -0.0218
vn -0.0000 -0.9996 -0.0288
vn -0.0000 -1.0000 0.0002
vn -0.0000 -1.0000 -0.0000
vn -0.0000 -1.0000 -0.0006
vn -0.0000 -1.0000 -0.0022
vn -0.0000 -1.0000 -0.0069
vn 0.3358 -0.9419 -0.0004
vn 0.2623 -0.9650 0.0019
vn 0.3379 -0.9412 0.0004
vn 0.2735 -0.9619 -0.0021
vn 0.2720 -0.9622 0.0140
vn 0.1040 -0.9945 -0.0095
vn -0.6382 -0.0000 -0.7699
vn -0.9215 -0.0000 -0.3885
vn 0.3375 -0.9413 -0.0001
vn 0.2740 -0.9617 0.0006
vn 0.3365 -0.9417 0.0017
vn 0.2616 -0.9651 -0.0073
vn 0.3325 -0.9431 0.0048
vn 0.2270 -0.9738 -0.0124
vn 0.3155 -0.9489 0.0081
vn 0.1674 -0.9858 -0.0086
vn 0.2371 -0.9715 0.0027
vn 0.3312 -0.9435 -0.0007
vn 0.1953 -0.9807 -0.0010
vn 0.3158 -0.9488 -0.0033
vn 0.3326 -0.9316 -0.1465
vn 0.0830 -0.9936 -0.0770
vn 0.1921 -0.9814 -0.0037
vn 0.2923 -0.9563 -0.0062
vn 0.2033 -0.9791 -0.0100
vn 0.2544 -0.9670 -0.0098
vn 0.2281 -0.9734 -0.0197
vn 0.1938 -0.9809 -0.0151
vn 0.2701 -0.9618 -0.0441
vn 0.1281 -0.9914 -0.0259
vn 0.2103 -0.9776 0.0016
vn 0.3256 -0.9455 -0.0005
vn -0.3312 -0.9435 -0.0007
vn -0.2371 -0.9715 0.0027
vn -0.3158 -0.9488 -0.0033
vn -0.1953 -0.9807 -0.0010
vn -0.0830 -0.9936 -0.0770
vn -0.3326 -0.9316 -0.1465
vn 0.9215 -0.0000 -0.3885
vn 0.6382 -0.0000 -0.7699
vn -0.2923 -0.9563 -0.0062
vn -0.1921 -0.9814 -0.0037
vn -0.2544 -0.9670 -0.0098
vn -0.2033 -0.9791 -0.0100
vn -0.1938 -0.9809 -0.0151
vn -0.2281 -0.9734 -0.0197
vn -0.1281 -0.9914 -0.0259
vn -0.2701 -0.9618 -0.0441
vn -0.3256 -0.9455 -0.0005
vn -0.2103 -0.9776 0.0016
vn -0.2623 -0.9650 0.0019
vn -0.3358 -0.9419 -0.0004
vn -0.2735 -0.9619 -0.0021
vn -0.3379 -0.9412 0.0004
vn -0.1040 -0.9945 -0.0095
vn -0.2720 -0.9622 0.0140
vn -0.2740 -0.9617 0.0006
vn -0.3375 -0.9413 -0.0001
vn -0.2616 -0.9651 -0.0073
vn -0.3365 -0.9417 0.0017
vn -0.2270 -0.9738 -0.0124
vn -0.3325 -0.9431 0.0048
vn -0.1674 -0.9858 -0.0086
vn -0.3155 -0.9489 0.0081
vn -0.0000 -0.9922 -0.1249
vn -0.2459 -0.9543 -0.1700
vn 0.2459 -0.9543 -0.1700
vn -0.0000 -0.9885 -0.1510
vt 0.338821 0.292705
vt 0.354814 0.276705
vt 0.434694 0.350596
vt 0.417633 0.367662
vt 0.222207 0.268984
vt 0.206556 0.284635
vt 0.137426 0.215526
vt 0.153061 0.199860
vt 0.086445 0.152547
vt 0.065134 0.173821
vt 0.022268 0.178618
vt 0.053026 0.148010
vt 0.514386 0.458021
vt 0.533317 0.439102
vt 0.627809 0.531665
vt 0.608469 0.550919
vt 0.891882 0.864025
vt 0.902870 0.853424
vt 0.961990 0.942675
vt 0.957812 0.948491
vt 0.961971 0.959267
vt 0.967565 0.957257
vt 0.701939 0.606777
vt 0.682657 0.625906
vt 0.771956 0.685955
vt 0.754306 0.703427
vt 0.837845 0.769263
vt 0.823354 0.783542
vt 0.291731 0.339795
vt 0.275731 0.355789
vt 0.117457 0.197572
vt 0.133421 0.181541
vt 0.095456 0.181628
vt 0.112478 0.164504
vt 0.147121 0.129790
vt 0.137965 0.138944
vt 0.118959 0.119938
vt 0.130615 0.108275
vt 0.165430 0.149492
vt 0.156971 0.157948
vt 0.184184 0.168717
vt 0.175962 0.176938
vt 0.323725 0.307806
vt 0.315278 0.316253
vt 0.245108 0.246083
vt 0.253325 0.237866
vt 0.383028 0.402274
vt 0.392164 0.393138
vt 0.485718 0.486692
vt 0.475435 0.496975
vt 0.795901 0.810850
vt 0.802842 0.803815
vt 0.877413 0.878386
vt 0.872576 0.883267
vt 0.719229 0.738330
vt 0.728230 0.729203
vt 0.643508 0.664902
vt 0.653662 0.654635
vt 0.568677 0.590625
vt 0.579130 0.580104
vt 0.951441 0.952414
vt 0.950071 0.954742
vt 0.099983 0.100961
vt 0.116745 0.084162
vt 0.306831 0.324700
vt 0.283660 0.207529
vt 0.268009 0.223182
vt 0.198881 0.154036
vt 0.214545 0.138402
vt 0.172842 0.066113
vt 0.151568 0.087424
vt 0.147031 0.054005
vt 0.177639 0.023247
vt 0.180562 0.134398
vt 0.196592 0.118435
vt 0.163525 0.113456
vt 0.180649 0.096434
vt 0.401300 0.384002
vt 0.496002 0.476409
vt 0.809877 0.796874
vt 0.882294 0.873549
vt 0.737357 0.720202
vt 0.663928 0.644481
vt 0.589651 0.569651
vt 0.953769 0.951044
vt 0.954777 0.955750
vt 0.956284 0.968538
vt 0.958294 0.962944
vt 0.967403 0.968376
vt 0.969396 0.975621
vt 0.941702 0.962963
vt 0.947518 0.958785
vt 0.366687 0.418607
vt 0.349622 0.435668
vt 0.438128 0.534291
vt 0.457047 0.515360
vt 0.549945 0.609442
vt 0.530692 0.628783
vt 0.852451 0.903843
vt 0.863052 0.892855
vt 0.624933 0.683631
vt 0.605804 0.702913
vt 0.702453 0.755279
vt 0.684982 0.772929
vt 0.782569 0.824327
vt 0.768290 0.838818
vt 0.128811 0.148099
vt 0.107296 0.131593
vt 0.148514 0.166408
vt 0.167741 0.185161
vt 0.236891 0.254300
vt 0.974648 0.970369
vt 0.978302 0.979275
vt 0.083183 0.117724
s 1
usemtl Sting
f 197/190/193 261/191/257 263/192/259 210/193/206
f 248/194/244 283/195/279 264/196/260 244/197/240
f 254/198/250 287/199/283 266/200/262 246/201/242
f 224/202/220 281/203/277 269/204/265 212/205/208
f 222/206/218 276/207/272 271/208/267 214/209/210
f 258/210/254 214/209/210 271/208/267 344/211/340
f 212/205/208 269/204/265 273/212/269 216/213/212
f 216/213/212 273/212/269 274/214/270 218/215/214
f 218/215/214 274/214/270 275/216/271 220/217/216
f 220/217/216 275/216/271 276/207/272 222/206/218
f 210/193/206 263/192/259 281/203/277 224/202/220
f 242/218/238 260/219/256 283/195/279 248/194/244
f 244/197/240 264/196/260 285/220/281 250/221/246
f 250/221/246 285/220/281 286/222/282 252/223/248
f 252/223/248 286/222/282 287/199/283 254/198/250
f 206/224/202 194/225/190 195/226/191 208/227/204
f 204/228/200 193/229/189 194/225/190 206/224/202
f 198/230/194 183/231/179 193/229/189 204/228/200
f 196/232/192 181/233/177 192/234/188 202/235/198
f 226/236/222 182/237/178 191/238/187 240/239/236
f 236/240/232 189/241/185 190/242/186 238/243/234
f 234/244/230 188/245/184 189/241/185 236/240/232
f 232/246/228 187/247/183 188/245/184 234/244/230
f 228/248/224 185/249/181 187/247/183 232/246/228
f 238/243/234 190/242/186 186/250/182 230/251/226
f 240/239/236 191/238/187 185/249/181 228/248/224
f 208/227/204 195/226/191 184/252/180 200/253/196
f 202/235/198 192/234/188 183/231/179 198/230/194
f 243/254/239 181/233/177 182/237/178 226/236/222
f 284/255/280 203/256/199 199/257/195 265/258/261
f 203/256/199 202/235/198 198/230/194 199/257/195
f 288/259/284 209/260/205 201/261/197 267/262/263
f 209/260/205 208/227/204 200/253/196 201/261/197
f 261/191/257 197/190/193 203/256/199 284/255/280
f 197/190/193 196/232/192 202/235/198 203/256/199
f 265/258/261 199/257/195 205/263/201 290/264/286
f 199/257/195 198/230/194 204/228/200 205/263/201
f 290/264/286 205/263/201 207/265/203 289/266/285
f 205/263/201 204/228/200 206/224/202 207/265/203
f 289/266/285 207/265/203 209/260/205 288/259/284
f 207/265/203 206/224/202 208/227/204 209/260/205
f 182/237/178 211/267/207 225/268/221 191/238/187
f 211/267/207 210/193/206 224/202/220 225/268/221
f 189/241/185 221/269/217 223/270/219 190/242/186
f 221/269/217 220/217/216 222/206/218 223/270/219
f 188/245/184 219/271/215 221/269/217 189/241/185
f 219/271/215 218/215/214 220/217/216 221/269/217
f 187/247/183 217/272/213 219/271/215 188/245/184
f 217/272/213 216/213/212 218/215/214 219/271/215
f 185/249/181 213/273/209 217/272/213 187/247/183
f 213/273/209 212/205/208 216/213/212 217/272/213
f 230/251/226 186/250/182 215/274/211 256/275/252
f 256/275/252 215/274/211 214/209/210 258/210/254
f 190/242/186 223/270/219 215/274/211 186/250/182
f 223/270/219 222/206/218 214/209/210 215/274/211
f 191/238/187 225/268/221 213/273/209 185/249/181
f 225/268/221 224/202/220 212/205/208 213/273/209
f 181/233/177 196/232/192 211/267/207 182/237/178
f 196/232/192 197/190/193 210/193/206 211/267/207
f 313/276/309 257/277/253 259/278/255 312/279/308
f 257/277/253 256/275/252 258/210/254 259/278/255
f 270/280/266 231/281/227 257/277/253 313/276/309
f 231/281/227 230/251/226 256/275/252 257/277/253
f 260/219/256 242/218/238 227/282/223 262/283/258
f 242/218/238 243/254/239 226/236/222 227/282/223
f 282/284/278 241/285/237 229/286/225 268/287/264
f 241/285/237 240/239/236 228/248/224 229/286/225
f 277/288/273 239/289/235 231/281/227 270/280/266
f 239/289/235 238/243/234 230/251/226 231/281/227
f 268/287/264 229/286/225 233/290/229 280/291/276
f 229/286/225 228/248/224 232/246/228 233/290/229
f 280/291/276 233/290/229 235/292/231 279/293/275
f 233/290/229 232/246/228 234/244/230 235/292/231
f 279/293/275 235/292/231 237/294/233 278/295/274
f 235/292/231 234/244/230 236/240/232 237/294/233
f 278/295/274 237/294/233 239/289/235 277/288/273
f 237/294/233 236/240/232 238/243/234 239/289/235
f 262/283/258 227/282/223 241/285/237 282/284/278
f 227/282/223 226/236/222 240/239/236 241/285/237
f 194/225/190 253/296/249 255/297/251 195/226/191
f 253/296/249 252/223/248 254/198/250 255/297/251
f 193/229/189 251/298/247 253/296/249 194/225/190
f 251/298/247 250/221/246 252/223/248 253/296/249
f 183/231/179 245/299/241 251/298/247 193/229/189
f 245/299/241 244/197/240 250/221/246 251/298/247
f 181/233/177 243/254/239 249/300/245 192/234/188
f 243/254/239 242/218/238 248/194/244 249/300/245
f 312/279/308 259/278/255 345/301/341 272/302/268
f 259/278/255 258/210/254 344/211/340 345/301/341
f 195/226/191 255/297/251 247/303/243 184/252/180
f 255/297/251 254/198/250 246/201/242 247/303/243
f 192/234/188 249/300/245 245/299/241 183/231/179
f 249/300/245 248/194/244 244/197/240 245/299/241
f 307/190/303 322/193/318 263/192/259 261/191/257
f 362/194/358 358/197/354 264/196/260 283/195/279
f 368/198/364 360/201/356 266/200/262 287/199/283
f 336/202/332 324/205/320 269/204/265 281/203/277
f 334/206/330 326/209/322 271/208/267 276/207/272
f 372/210/368 344/211/340 271/208/267 326/209/322
f 324/205/320 328/213/324 273/212/269 269/204/265
f 328/213/324 330/215/326 274/214/270 273/212/269
f 330/215/326 332/217/328 275/216/271 274/214/270
f 332/217/328 334/206/330 276/207/272 275/216/271
f 322/193/318 336/202/332 281/203/277 263/192/259
f 356/218/352 362/194/358 283/195/279 260/219/256
f 358/197/354 364/221/360 285/220/281 264/196/260
f 364/221/360 366/223/362 286/222/282 285/220/281
f 366/223/362 368/198/364 287/199/283 286/222/282
f 318/224/314 320/227/316 305/226/301 304/225/300
f 316/228/312 318/224/314 304/225/300 303/229/299
f 308/230/304 316/228/312 303/229/299 293/231/289
f 306/232/302 314/235/310 302/234/298 291/233/287
f 338/236/334 354/239/350 301/238/297 292/237/288
f 350/240/346 352/243/348 300/242/296 299/241/295
f 348/244/344 350/240/346 299/241/295 298/245/294
f 346/246/342 348/244/344 298/245/294 297/247/293
f 340/248/336 346/246/342 297/247/293 295/249/291
f 352/243/348 342/251/338 296/250/292 300/242/296
f 354/239/350 340/248/336 295/249/291 301/238/297
f 320/227/316 310/253/306 294/252/290 305/226/301
f 314/235/310 308/230/304 293/231/289 302/234/298
f 357/254/353 338/236/334 292/237/288 291/233/287
f 284/255/280 265/258/261 309/257/305 315/256/311
f 315/256/311 309/257/305 308/230/304 314/235/310
f 288/259/284 267/262/263 311/261/307 321/260/317
f 321/260/317 311/261/307 310/253/306 320/227/316
f 261/191/257 284/255/280 315/256/311 307/190/303
f 307/190/303 315/256/311 314/235/310 306/232/302
f 265/258/261 290/264/286 317/263/313 309/257/305
f 309/257/305 317/263/313 316/228/312 308/230/304
f 290/264/286 289/266/285 319/265/315 317/263/313
f 317/263/313 319/265/315 318/224/314 316/228/312
f 289/266/285 288/259/284 321/260/317 319/265/315
f 319/265/315 321/260/317 320/227/316 318/224/314
f 292/237/288 301/238/297 337/268/333 323/267/319
f 323/267/319 337/268/333 336/202/332 322/193/318
f 299/241/295 300/242/296 335/270/331 333/269/329
f 333/269/329 335/270/331 334/206/330 332/217/328
f 298/245/294 299/241/295 333/269/329 331/271/327
f 331/271/327 333/269/329 332/217/328 330/215/326
f 297/247/293 298/245/294 331/271/327 329/272/325
f 329/272/325 331/271/327 330/215/326 328/213/324
f 295/249/291 297/247/293 329/272/325 325/273/321
f 325/273/321 329/272/325 328/213/324 324/205/320
f 342/251/338 370/275/366 327/274/323 296/250/292
f 370/275/366 372/210/368 326/209/322 327/274/323
f 300/242/296 296/250/292 327/274/323 335/270/331
f 335/270/331 327/274/323 326/209/322 334/206/330
f 301/238/297 295/249/291 325/273/321 337/268/333
f 337/268/333 325/273/321 324/205/320 336/202/332
f 291/233/287 292/237/288 323/267/319 306/232/302
f 306/232/302 323/267/319 322/193/318 307/190/303
f 313/276/309 312/279/308 373/278/369 371/277/367
f 371/277/367 373/278/369 372/210/368 370/275/366
f 270/280/266 313/276/309 371/277/367 343/281/339
f 343/281/339 371/277/367 370/275/366 342/251/338
f 260/219/256 262/283/258 339/282/335 356/218/352
f 356/218/352 339/282/335 338/236/334 357/254/353
f 282/284/278 268/287/264 341/286/337 355/285/351
f 355/285/351 341/286/337 340/248/336 354/239/350
f 277/288/273 270/280/266 343/281/339 353/289/349
f 353/289/349 343/281/339 342/251/338 352/243/348
f 268/287/264 280/291/276 347/290/343 341/286/337
f 341/286/337 347/290/343 346/246/342 340/248/336
f 280/291/276 279/293/275 349/292/345 347/290/343
f 347/290/343 349/292/345 348/244/344 346/246/342
f 279/293/275 278/295/274 351/294/347 349/292/345
f 349/292/345 351/294/347 350/240/346 348/244/344
f 278/295/274 277/288/273 353/289/349 351/294/347
f 351/294/347 353/289/349 352/243/348 350/240/346
f 262/283/258 282/284/278 355/285/351 339/282/335
f 339/282/335 355/285/351 354/239/350 338/236/334
f 304/225/300 305/226/301 369/297/365 367/296/363
f 367/296/363 369/297/365 368/198/364 366/223/362
f 303/229/299 304/225/300 367/296/363 365/298/361
f 365/298/361 367/296/363 366/223/362 364/221/360
f 293/231/289 303/229/299 365/298/361 359/299/355
f 359/299/355 365/298/361 364/221/360 358/197/354
f 291/233/287 302/234/298 363/300/359 357/254/353
f 357/254/353 363/300/359 362/194/358 356/218/352
f 312/279/308 272/302/268 345/301/341 373/278/369
f 373/278/369 345/301/341 344/211/340 372/210/368
f 305/226/301 294/252/290 361/303/357 369/297/365
f 369/297/365 361/303/357 360/201/356 368/198/364
f 302/234/298 293/231/289 359/299/355 363/300/359
f 363/300/359 359/299/355 358/197/354 362/194/358
o Pommeau
v 1.173340 0.416029 27.247433
v 1.339011 0.446909 27.747314
v 1.390096 0.522899 28.920040
v 0.540935 0.662432 29.578491
v 0.970595 0.591879 29.532955
v 1.758119 0.466150 28.423431
v 1.624231 0.434984 29.109076
v 1.754195 0.254492 29.201212
v 0.981086 0.382521 25.937878
v 1.110973 0.413979 26.826578
v 0.591516 0.325488 30.097940
v 0.562366 0.556578 29.932720
v 1.541577 0.364221 27.680548
v 1.660109 0.213803 27.642796
v 2.055772 0.227252 28.483898
v 1.930614 0.387555 28.459785
v 1.060849 0.318261 25.766190
v 1.145014 0.192504 25.678392
v 1.291113 0.206570 26.619013
v 1.200740 0.341468 26.705776
v 1.322906 0.350224 27.183281
v 1.424567 0.213313 27.125370
v 1.031507 0.504810 29.685108
v 1.091144 0.307688 29.791727
v 0.675239 0.207717 27.745996
v 0.946470 0.198181 27.004961
v 0.647909 0.344358 27.829924
v 0.888726 0.331390 27.079048
v 0.869784 0.401253 27.209646
v 0.688240 0.445977 27.997917
v 1.144228 0.561367 29.265291
v 1.319564 0.465073 29.423664
v 1.421369 0.272884 29.520370
v 0.583991 0.592412 28.974264
v 0.775457 0.622187 29.547703
v 1.576173 0.460705 28.151978
v 0.821230 0.314628 29.968466
v 1.778645 0.373455 28.102234
v 1.904322 0.218482 28.088167
v 0.785924 0.537785 29.825672
v 1.070066 0.526924 28.612339
v 0.879618 0.585321 29.106308
v 1.619968 0.493182 28.628227
v 1.039208 0.399829 26.162680
v 1.850279 0.410620 28.783829
v 1.987168 0.240945 28.852070
v 1.233936 0.198204 25.861101
v 1.139443 0.327130 25.913000
v 1.068115 0.451303 27.860992
v 1.005082 0.419931 27.228119
v 1.335206 0.494418 28.316526
v 0.389216 0.334806 30.177668
v 0.364624 0.574202 30.007351
v 0.396754 0.235244 28.189545
v 0.365678 0.387798 28.245037
v 0.343671 0.527981 28.482239
v 0.330355 0.683635 29.645603
v 0.321342 0.643523 29.062479
v 0.137112 0.551429 28.597977
v 0.159667 0.701953 29.688810
v 0.205230 0.340427 30.213749
v 0.188973 0.589293 30.042376
v 0.177942 0.240691 28.446171
v 0.158385 0.418397 28.470743
v 0.139077 0.677397 29.137920
v -1.173340 0.416029 27.247433
v -1.339011 0.446909 27.747314
v -1.390096 0.522899 28.920040
v -0.540935 0.662432 29.578491
v -0.970595 0.591879 29.532955
v -1.758119 0.466150 28.423431
v -1.624231 0.434984 29.109076
v -1.754195 0.254492 29.201212
v -0.981086 0.382521 25.937878
v -1.110973 0.413979 26.826578
v -0.591516 0.325488 30.097940
v -0.562366 0.556578 29.932720
v -1.541577 0.364221 27.680548
v -1.660109 0.213803 27.642796
v -2.055772 0.227252 28.483898
v -1.930614 0.387555 28.459785
v -1.060849 0.318261 25.766190
v -1.145014 0.192504 25.678392
v -1.291113 0.206570 26.619013
v -1.200740 0.341468 26.705776
v -1.322906 0.350224 27.183281
v -1.424567 0.213313 27.125370
v -1.031507 0.504810 29.685108
v -1.091144 0.307688 29.791727
v 0.000000 0.236774 28.508799
v -0.675239 0.207717 27.745996
v -0.946470 0.198181 27.004961
v 0.000000 0.422283 28.527168
v -0.647909 0.344358 27.829924
v -0.888726 0.331390 27.079048
v -0.869784 0.401253 27.209646
v -0.688240 0.445977 27.997917
v 0.000000 0.615083 28.626986
v 0.000000 0.342295 30.214621
v 0.000000 0.760410 29.686293
v 0.000000 0.600819 30.037035
v -1.144228 0.561367 29.265291
v -1.319564 0.465073 29.423664
v -1.421369 0.272884 29.520370
v -0.583991 0.592412 28.974264
v 0.000000 0.725528 29.171879
v -0.775457 0.622187 29.547703
v -1.576173 0.460705 28.151978
v -0.821230 0.314628 29.968466
v -1.778645 0.373455 28.102234
v -1.904322 0.218482 28.088167
v -0.785924 0.537785 29.825672
v -1.070066 0.526924 28.612339
v -0.879618 0.585321 29.106308
v -1.619968 0.493182 28.628227
v -1.039208 0.399829 26.162680
v -1.850279 0.410620 28.783829
v -1.987168 0.240945 28.852070
v -1.233936 0.198204 25.861101
v -1.139443 0.327130 25.913000
v -1.068115 0.451303 27.860992
v -1.005082 0.419931 27.228119
v -1.335206 0.494418 28.316526
v -0.389216 0.334806 30.177668
v -0.364624 0.574202 30.007351
v -0.396754 0.235244 28.189545
v -0.365678 0.387798 28.245037
v -0.343671 0.527981 28.482239
v -0.330355 0.683635 29.645603
v -0.321342 0.643523 29.062479
v -0.137112 0.551429 28.597977
v -0.159667 0.701953 29.688810
v -0.205230 0.340427 30.213749
v -0.188973 0.589293 30.042376
v -0.177942 0.240691 28.446171
v -0.158385 0.418397 28.470743
v -0.139077 0.677397 29.137920
v 1.251131 0.000000 25.708418
v 2.077263 0.000000 28.488935
v 0.603343 0.000000 30.141138
v 1.700558 0.000000 27.623314
v 1.472294 0.000000 27.105131
v 1.337145 0.000000 26.605175
v 1.121119 0.000000 29.819519
v 1.785349 0.000000 29.225359
v 1.173340 -0.416029 27.247433
v 1.339011 -0.446909 27.747314
v 1.390096 -0.522899 28.920040
v 0.540935 -0.662432 29.578491
v 0.970595 -0.591879 29.532955
v 1.758119 -0.466150 28.423431
v 1.624231 -0.434984 29.109076
v 1.754195 -0.254492 29.201212
v 0.981086 -0.382521 25.937878
v 1.110973 -0.413979 26.826578
v 0.591516 -0.325488 30.097940
v 0.562366 -0.556578 29.932720
v 1.541577 -0.364221 27.680548
v 1.660109 -0.213803 27.642796
v 2.055772 -0.227252 28.483898
v 1.930614 -0.387555 28.459785
v 1.060849 -0.318261 25.766190
v 1.145014 -0.192504 25.678392
v 1.291113 -0.206570 26.619013
v 1.200740 -0.341468 26.705776
v 1.322906 -0.350224 27.183281
v 1.424567 -0.213313 27.125370
v 1.031507 -0.504810 29.685108
v 1.091144 -0.307688 29.791727
v 0.965716 0.000000 26.989458
v 0.691124 0.000000 27.698717
v 0.675239 -0.207717 27.745996
v 0.946470 -0.198181 27.004961
v 0.647909 -0.344358 27.829924
v 0.888726 -0.331390 27.079048
v 0.869784 -0.401253 27.209646
v 0.688240 -0.445977 27.997917
v 1.455545 0.000000 29.547703
v 1.144228 -0.561367 29.265291
v 1.319564 -0.465073 29.423664
v 1.421369 -0.272884 29.520370
v 0.583991 -0.592412 28.974264
v 1.937087 0.000000 28.080053
v 0.840780 0.000000 30.007954
v 0.775457 -0.622187 29.547703
v 1.576173 -0.460705 28.151978
v 0.821230 -0.314628 29.968466
v 1.778645 -0.373455 28.102234
v 1.904322 -0.218482 28.088167
v 0.785924 -0.537785 29.825672
v 1.070066 -0.526924 28.612339
v 0.879618 -0.585321 29.106308
v 1.271033 0.000000 25.945280
v 2.014927 0.000000 28.869057
v 1.619968 -0.493182 28.628227
v 1.039208 -0.399829 26.162680
v 1.850279 -0.410620 28.783829
v 1.987168 -0.240945 28.852070
v 1.233936 -0.198204 25.861101
v 1.139443 -0.327130 25.913000
v 1.068115 -0.451303 27.860992
v 1.005082 -0.419931 27.228119
v 1.335206 -0.494418 28.316526
v 0.389216 -0.334806 30.177668
v 0.364624 -0.574202 30.007351
v 0.414099 0.000000 28.157209
v 0.396754 -0.235244 28.189545
v 0.365678 -0.387798 28.245037
v 0.343671 -0.527981 28.482239
v 0.395041 0.000000 30.222795
v 0.330355 -0.683635 29.645603
v 0.321342 -0.643523 29.062479
v 0.188247 0.000000 28.435522
v 0.137112 -0.551429 28.597977
v 0.204519 0.000000 30.261913
v 0.159667 -0.701953 29.688810
v 0.205230 -0.340427 30.213749
v 0.188973 -0.589293 30.042376
v 0.177942 -0.240691 28.446171
v 0.158385 -0.418397 28.470743
v 0.139077 -0.677397 29.137920
v -1.251131 0.000000 25.708418
v -2.077263 0.000000 28.488935
v -0.603343 0.000000 30.141138
v -1.700558 0.000000 27.623314
v -1.472294 0.000000 27.105131
v -1.337145 0.000000 26.605175
v -1.121119 0.000000 29.819519
v -1.785349 0.000000 29.225359
v -1.173340 -0.416029 27.247433
v -1.339011 -0.446909 27.747314
v -1.390096 -0.522899 28.920040
v -0.540935 -0.662432 29.578491
v -0.970595 -0.591879 29.532955
v -1.758119 -0.466150 28.423431
v -1.624231 -0.434984 29.109076
v -1.754195 -0.254492 29.201212
v -0.981086 -0.382521 25.937878
v -1.110973 -0.413979 26.826578
v -0.591516 -0.325488 30.097940
v -0.562366 -0.556578 29.932720
v -1.541577 -0.364221 27.680548
v -1.660109 -0.213803 27.642796
v -2.055772 -0.227252 28.483898
v -1.930614 -0.387555 28.459785
v -1.060849 -0.318261 25.766190
v -1.145014 -0.192504 25.678392
v -1.291113 -0.206570 26.619013
v -1.200740 -0.341468 26.705776
v -1.322906 -0.350224 27.183281
v -1.424567 -0.213313 27.125370
v -1.031507 -0.504810 29.685108
v -1.091144 -0.307688 29.791727
v -0.965716 0.000000 26.989458
v -0.691124 0.000000 27.698717
v 0.000000 0.000000 28.502342
v 0.000000 -0.236774 28.508799
v -0.675239 -0.207717 27.745996
v -0.946470 -0.198181 27.004961
v 0.000000 -0.422283 28.527168
v -0.647909 -0.344358 27.829924
v -0.888726 -0.331390 27.079048
v -0.869784 -0.401253 27.209646
v -0.688240 -0.445977 27.997917
v 0.000000 -0.615083 28.626986
v 0.000000 0.000000 30.268215
v 0.000000 -0.342295 30.214621
v 0.000000 -0.760410 29.686293
v 0.000000 -0.600819 30.037035
v -1.455545 0.000000 29.547703
v -1.144228 -0.561367 29.265291
v -1.319564 -0.465073 29.423664
v -1.421369 -0.272884 29.520370
v -0.583991 -0.592412 28.974264
v 0.000000 -0.725528 29.171879
v -1.937087 0.000000 28.080053
v -0.840780 0.000000 30.007954
v -0.775457 -0.622187 29.547703
v -1.576173 -0.460705 28.151978
v -0.821230 -0.314628 29.968466
v -1.778645 -0.373455 28.102234
v -1.904322 -0.218482 28.088167
v -0.785924 -0.537785 29.825672
v -1.070066 -0.526924 28.612339
v -0.879618 -0.585321 29.106308
v -1.271033 0.000000 25.945280
v -2.014927 0.000000 28.869057
v -1.619968 -0.493182 28.628227
v -1.039208 -0.399829 26.162680
v -1.850279 -0.410620 28.783829
v -1.987168 -0.240945 28.852070
v -1.233936 -0.198204 25.861101
v -1.139443 -0.327130 25.913000
v -1.068115 -0.451303 27.860992
v -1.005082 -0.419931 27.228119
v -1.335206 -0.494418 28.316526
v -0.389216 -0.334806 30.177668
v -0.364624 -0.574202 30.007351
v -0.414099 0.000000 28.157209
v -0.396754 -0.235244 28.189545
v -0.365678 -0.387798 28.245037
v -0.343671 -0.527981 28.482239
v -0.395041 0.000000 30.222795
v -0.330355 -0.683635 29.645603
v -0.321342 -0.643523 29.062479
v -0.188247 0.000000 28.435522
v -0.137112 -0.551429 28.597977
v -0.204519 0.000000 30.261913
v -0.159667 -0.701953 29.688810
v -0.205230 -0.340427 30.213749
v -0.188973 -0.589293 30.042376
v -0.177942 -0.240691 28.446171
v -0.158385 -0.418397 28.470743
v -0.139077 -0.677397 29.137920
vn 0.1854 0.9787 -0.0887
vn 0.1649 0.9780 -0.1275
vn 0.1823 0.9826 0.0355
vn 0.1551 0.9844 0.0831
vn 0.2584 0.9523 0.1625
vn 0.2841 0.9542 -0.0934
vn 0.4682 0.8240 0.3190
vn 0.7143 0.4071 0.5692
vn -0.7359 0.6097 -0.2944
vn 0.2377 0.9698 -0.0546
vn 0.4090 0.3550 0.8407
vn 0.2997 0.7886 0.5370
vn 0.5213 0.8061 -0.2800
vn 0.8080 0.4269 -0.4061
vn 0.9244 0.3720 -0.0844
vn 0.6214 0.7778 -0.0946
vn -0.4952 0.5708 -0.6550
vn -0.2028 0.2728 -0.9405
vn 0.8920 0.4267 -0.1494
vn 0.6387 0.7608 -0.1155
vn 0.5617 0.8019 -0.2034
vn 0.8409 0.4504 -0.3002
vn 0.4444 0.7448 0.4977
vn 0.5722 0.3485 0.7424
vn -0.9043 -0.0190 -0.4265
vn -0.9422 -0.2412 -0.2323
vn -0.8455 0.3396 -0.4121
vn -0.9448 -0.2629 -0.1954
vn -0.5479 0.8220 -0.1549
vn -0.2718 0.9292 -0.2506
vn 0.2304 0.9709 0.0655
vn 0.4827 0.7812 0.3958
vn 0.6384 0.3765 0.6714
vn 0.0747 0.9895 -0.1239
vn 0.1722 0.9785 0.1137
vn 0.2036 0.9673 -0.1509
vn 0.4925 0.3424 0.8002
vn 0.5586 0.7722 -0.3027
vn 0.8392 0.3798 -0.3892
vn 0.3508 0.7707 0.5318
vn 0.0421 0.9949 -0.0921
vn 0.0917 0.9924 -0.0822
vn 0.1939 0.9809 0.0131
vn 0.1909 0.9797 -0.0608
vn 0.5403 0.8193 0.1918
vn 0.8546 0.3992 0.3321
vn 0.8698 0.4435 -0.2163
vn 0.5817 0.7912 -0.1890
vn -0.0163 0.9970 -0.0753
vn -0.0512 0.9979 -0.0390
vn 0.0335 0.9963 -0.0794
vn 0.2776 0.3615 0.8901
vn 0.2275 0.7937 0.5642
vn -0.8044 0.0503 -0.5919
vn -0.6660 0.4511 -0.5941
vn -0.1529 0.9214 -0.3572
vn 0.1503 0.9829 0.1066
vn 0.0861 0.9870 -0.1360
vn -0.0207 0.8615 -0.5073
vn 0.2015 0.9683 0.1477
vn 0.1076 0.3639 0.9252
vn 0.1364 0.7833 0.6064
vn -0.5713 0.0457 -0.8195
vn -0.4259 0.4216 -0.8005
vn 0.2163 0.9676 -0.1303
vn -0.1854 0.9787 -0.0887
vn -0.1649 0.9780 -0.1275
vn -0.1823 0.9826 0.0355
vn -0.1551 0.9844 0.0831
vn -0.2584 0.9523 0.1625
vn -0.2841 0.9542 -0.0934
vn -0.4682 0.8240 0.3190
vn -0.7143 0.4071 0.5692
vn 0.7359 0.6097 -0.2944
vn -0.2377 0.9698 -0.0546
vn -0.4090 0.3550 0.8407
vn -0.2997 0.7886 0.5370
vn -0.5213 0.8061 -0.2800
vn -0.8080 0.4269 -0.4061
vn -0.9244 0.3720 -0.0844
vn -0.6214 0.7778 -0.0946
vn 0.4952 0.5708 -0.6550
vn 0.2028 0.2728 -0.9405
vn -0.8920 0.4267 -0.1494
vn -0.6387 0.7608 -0.1155
vn -0.5617 0.8019 -0.2034
vn -0.8409 0.4504 -0.3002
vn -0.4444 0.7448 0.4977
vn -0.5722 0.3485 0.7424
vn -0.0000 0.0635 -0.9980
vn 0.9043 -0.0190 -0.4265
vn 0.9422 -0.2412 -0.2323
vn -0.0000 0.3670 -0.9302
vn 0.8455 0.3396 -0.4121
vn 0.9448 -0.2629 -0.1954
vn 0.5479 0.8220 -0.1549
vn 0.2718 0.9292 -0.2506
vn -0.0000 0.8768 -0.4809
vn -0.0000 0.3675 0.9300
vn -0.0000 0.9897 0.1430
vn -0.0000 0.7926 0.6098
vn -0.2304 0.9709 0.0655
vn -0.4827 0.7812 0.3958
vn -0.6384 0.3765 0.6714
vn -0.0747 0.9895 -0.1239
vn -0.0000 0.9921 -0.1253
vn -0.1722 0.9785 0.1137
vn -0.2036 0.9673 -0.1509
vn -0.4925 0.3424 0.8002
vn -0.5586 0.7722 -0.3027
vn -0.8392 0.3798 -0.3892
vn -0.3508 0.7707 0.5318
vn -0.0421 0.9949 -0.0921
vn -0.0917 0.9924 -0.0822
vn -0.1939 0.9809 0.0131
vn -0.1909 0.9797 -0.0608
vn -0.5403 0.8193 0.1918
vn -0.8546 0.3992 0.3321
vn -0.8698 0.4435 -0.2163
vn -0.5817 0.7912 -0.1890
vn 0.0163 0.9970 -0.0753
vn 0.0512 0.9979 -0.0390
vn -0.0335 0.9963 -0.0794
vn -0.2776 0.3615 0.8901
vn -0.2275 0.7937 0.5642
vn 0.8044 0.0503 -0.5919
vn 0.6660 0.4511 -0.5941
vn 0.1529 0.9214 -0.3572
vn -0.1503 0.9829 0.1066
vn -0.0861 0.9870 -0.1360
vn 0.0207 0.8615 -0.5073
vn -0.2015 0.9683 0.1477
vn -0.1076 0.3639 0.9252
vn -0.1364 0.7833 0.6064
vn 0.5713 0.0457 -0.8195
vn 0.4259 0.4216 -0.8005
vn -0.2163 0.9676 -0.1303
vn 0.1814 -0.0000 -0.9834
vn 0.9965 -0.0000 -0.0837
vn 0.4305 -0.0000 0.9026
vn 0.8978 -0.0000 -0.4403
vn 0.9424 -0.0000 -0.3346
vn 0.9850 -0.0000 -0.1725
vn 0.5971 -0.0000 0.8021
vn 0.7726 -0.0000 0.6349
vn 0.1854 -0.9787 -0.0887
vn 0.1649 -0.9780 -0.1275
vn 0.1823 -0.9826 0.0355
vn 0.1551 -0.9844 0.0831
vn 0.2584 -0.9523 0.1625
vn 0.2841 -0.9542 -0.0934
vn 0.4682 -0.8240 0.3190
vn 0.7143 -0.4071 0.5692
vn -0.7359 -0.6097 -0.2944
vn 0.2377 -0.9698 -0.0546
vn 0.4090 -0.3550 0.8407
vn 0.2997 -0.7886 0.5370
vn 0.5213 -0.8061 -0.2800
vn 0.8080 -0.4269 -0.4061
vn 0.9244 -0.3720 -0.0844
vn 0.6214 -0.7778 -0.0946
vn -0.4952 -0.5708 -0.6550
vn -0.2028 -0.2728 -0.9405
vn 0.8920 -0.4267 -0.1494
vn 0.6387 -0.7608 -0.1155
vn 0.5617 -0.8019 -0.2034
vn 0.8409 -0.4504 -0.3002
vn 0.4444 -0.7448 0.4977
vn 0.5722 -0.3485 0.7424
vn -0.9644 -0.0000 -0.2645
vn -0.9039 -0.0000 -0.4277
vn -0.9043 0.0190 -0.4265
vn -0.9422 0.2412 -0.2323
vn -0.8455 -0.3396 -0.4121
vn -0.9448 0.2629 -0.1954
vn -0.5479 -0.8220 -0.1549
vn -0.2718 -0.9292 -0.2506
vn 0.6686 -0.0000 0.7436
vn 0.2304 -0.9709 0.0655
vn 0.4827 -0.7812 0.3958
vn 0.6384 -0.3765 0.6714
vn 0.0747 -0.9895 -0.1239
vn 0.9138 -0.0000 -0.4062
vn 0.5234 -0.0000 0.8521
vn 0.1722 -0.9785 0.1137
vn 0.2036 -0.9673 -0.1509
vn 0.4925 -0.3424 0.8002
vn 0.5586 -0.7722 -0.3027
vn 0.8392 -0.3798 -0.3892
vn 0.3508 -0.7707 0.5318
vn 0.0421 -0.9949 -0.0921
vn 0.0917 -0.9924 -0.0822
vn 0.9888 -0.0000 -0.1491
vn 0.9296 -0.0000 0.3685
vn 0.1939 -0.9809 0.0131
vn 0.1909 -0.9797 -0.0608
vn 0.5403 -0.8193 0.1918
vn 0.8546 -0.3992 0.3321
vn 0.8698 -0.4435 -0.2163
vn 0.5817 -0.7912 -0.1890
vn -0.0163 -0.9970 -0.0753
vn -0.0512 -0.9979 -0.0390
vn 0.0335 -0.9963 -0.0794
vn 0.2776 -0.3615 0.8901
vn 0.2275 -0.7937 0.5642
vn -0.8160 -0.0000 -0.5780
vn -0.8044 -0.0503 -0.5919
vn -0.6660 -0.4511 -0.5941
vn -0.1529 -0.9214 -0.3572
vn 0.2836 -0.0000 0.9589
vn 0.1503 -0.9829 0.1066
vn 0.0861 -0.9870 -0.1360
vn -0.5801 -0.0000 -0.8146
vn -0.0207 -0.8615 -0.5073
vn 0.1080 -0.0000 0.9942
vn 0.2015 -0.9683 0.1477
vn 0.1076 -0.3639 0.9252
vn 0.1364 -0.7833 0.6064
vn -0.5713 -0.0457 -0.8195
vn -0.4259 -0.4216 -0.8005
vn 0.2163 -0.9676 -0.1303
vn -0.1814 -0.0000 -0.9834
vn -0.9965 -0.0000 -0.0837
vn -0.4305 -0.0000 0.9026
vn -0.8978 -0.0000 -0.4403
vn -0.9424 -0.0000 -0.3346
vn -0.9850 -0.0000 -0.1725
vn -0.5971 -0.0000 0.8021
vn -0.7726 -0.0000 0.6349
vn -0.1854 -0.9787 -0.0887
vn -0.1649 -0.9780 -0.1275
vn -0.1823 -0.9826 0.0355
vn -0.1551 -0.9844 0.0831
vn -0.2584 -0.9523 0.1625
vn -0.2841 -0.9542 -0.0934
vn -0.4682 -0.8240 0.3190
vn -0.7143 -0.4071 0.5692
vn 0.7359 -0.6097 -0.2944
vn -0.2377 -0.9698 -0.0546
vn -0.4090 -0.3550 0.8407
vn -0.2997 -0.7886 0.5370
vn -0.5213 -0.8061 -0.2800
vn -0.8080 -0.4269 -0.4061
vn -0.9244 -0.3720 -0.0844
vn -0.6214 -0.7778 -0.0946
vn 0.4952 -0.5708 -0.6550
vn 0.2028 -0.2728 -0.9405
vn -0.8920 -0.4267 -0.1494
vn -0.6387 -0.7608 -0.1155
vn -0.5617 -0.8019 -0.2034
vn -0.8409 -0.4504 -0.3002
vn -0.4444 -0.7448 0.4977
vn -0.5722 -0.3485 0.7424
vn 0.9644 -0.0000 -0.2645
vn 0.9039 -0.0000 -0.4277
vn -0.0000 -0.0000 -1.0000
vn -0.0000 -0.0635 -0.9980
vn 0.9043 0.0190 -0.4265
vn 0.9422 0.2412 -0.2323
vn -0.0000 -0.3670 -0.9302
vn 0.8455 -0.3396 -0.4121
vn 0.9448 0.2629 -0.1954
vn 0.5479 -0.8220 -0.1549
vn 0.2718 -0.9292 -0.2506
vn -0.0000 -0.8768 -0.4809
vn -0.0000 -0.0000 1.0000
vn -0.0000 -0.3675 0.9300
vn -0.0000 -0.9897 0.1430
vn -0.0000 -0.7926 0.6098
vn -0.6686 -0.0000 0.7436
vn -0.2304 -0.9709 0.0655
vn -0.4827 -0.7812 0.3958
vn -0.6384 -0.3765 0.6714
vn -0.0747 -0.9895 -0.1239
vn -0.0000 -0.9921 -0.1253
vn -0.9138 -0.0000 -0.4062
vn -0.5234 -0.0000 0.8521
vn -0.1722 -0.9785 0.1137
vn -0.2036 -0.9673 -0.1509
vn -0.4925 -0.3424 0.8002
vn -0.5586 -0.7722 -0.3027
vn -0.8392 -0.3798 -0.3892
vn -0.3508 -0.7707 0.5318
vn -0.0421 -0.9949 -0.0921
vn -0.0917 -0.9924 -0.0822
vn -0.9888 -0.0000 -0.1491
vn -0.9296 -0.0000 0.3685
vn -0.1939 -0.9809 0.0131
vn -0.1909 -0.9797 -0.0608
vn -0.5403 -0.8193 0.1918
vn -0.8546 -0.3992 0.3321
vn -0.8698 -0.4435 -0.2163
vn -0.5817 -0.7912 -0.1890
vn 0.0163 -0.9970 -0.0753
vn 0.0512 -0.9979 -0.0390
vn -0.0335 -0.9963 -0.0794
vn -0.2776 -0.3615 0.8901
vn -0.2275 -0.7937 0.5642
vn 0.8160 -0.0000 -0.5780
vn 0.8044 -0.0503 -0.5919
vn 0.6660 -0.4511 -0.5941
vn 0.1529 -0.9214 -0.3572
vn -0.2836 -0.0000 0.9589
vn -0.1503 -0.9829 0.1066
vn -0.0861 -0.9870 -0.1360
vn 0.5801 -0.0000 -0.8146
vn 0.0207 -0.8615 -0.5073
vn -0.1080 -0.0000 0.9942
vn -0.2015 -0.9683 0.1477
vn -0.1076 -0.3639 0.9252
vn -0.1364 -0.7833 0.6064
vn 0.5713 -0.0457 -0.8195
vn 0.4259 -0.4216 -0.8005
vn -0.2163 -0.9676 -0.1303
vt 0.075493 0.492123
vt 0.088856 0.472048
vt 0.102484 0.482575
vt 0.086928 0.500733
vt 0.199229 0.440117
vt 0.228506 0.431046
vt 0.225498 0.440932
vt 0.200978 0.451371
vt 0.165014 0.444469
vt 0.167593 0.458600
vt 0.198205 0.428670
vt 0.229627 0.420132
vt 0.094748 0.447126
vt 0.111216 0.437987
vt 0.116128 0.447005
vt 0.102242 0.456223
vt 0.271922 0.394730
vt 0.296856 0.414366
vt 0.276675 0.422282
vt 0.270401 0.410465
vt 0.269040 0.422869
vt 0.263627 0.418468
vt 0.028708 0.514479
vt 0.037952 0.496118
vt 0.053499 0.505293
vt 0.045990 0.521569
vt 0.065031 0.510792
vt 0.060004 0.525173
vt 0.161971 0.419505
vt 0.195690 0.415218
vt 0.163088 0.432626
vt 0.074689 0.513279
vt 0.075646 0.524017
vt 0.087064 0.436634
vt 0.106554 0.426340
vt 0.263022 0.424551
vt 0.255791 0.426507
vt 0.136333 0.444880
vt 0.139142 0.457378
vt 0.121560 0.455077
vt 0.114103 0.465896
vt 0.133258 0.434067
vt 0.131358 0.421304
vt 0.226559 0.406729
vt 0.051831 0.474431
vt 0.068728 0.452976
vt 0.079406 0.463019
vt 0.064779 0.484064
vt 0.223496 0.464513
vt 0.214017 0.467269
vt 0.186113 0.503354
vt 0.172362 0.504681
vt 0.155433 0.553340
vt 0.153695 0.567006
vt 0.136858 0.567006
vt 0.140860 0.556345
vt 0.243516 0.474591
vt 0.233453 0.466886
vt 0.209983 0.510091
vt 0.197327 0.504218
vt 0.183850 0.556346
vt 0.182407 0.567006
vt 0.167853 0.567006
vt 0.168956 0.554133
vt 0.018382 0.554782
vt 0.037393 0.556189
vt 0.037258 0.567007
vt 0.017718 0.567008
vt 0.052782 0.557509
vt 0.053419 0.567007
vt 0.071982 0.558214
vt 0.072718 0.567007
vt 0.107141 0.546847
vt 0.073598 0.548931
vt 0.076009 0.537151
vt 0.110601 0.529992
vt 0.099193 0.513848
vt 0.125070 0.495254
vt 0.136358 0.474340
vt 0.169343 0.477409
vt 0.207943 0.460191
vt 0.146883 0.538979
vt 0.056150 0.537735
vt 0.041237 0.535160
vt 0.023077 0.530167
vt 0.103231 0.558093
vt 0.053666 0.548425
vt 0.038607 0.546436
vt 0.019923 0.543312
vt 0.177075 0.532970
vt 0.165864 0.532440
vt 0.191397 0.537478
vt 0.101021 0.567007
vt 0.075495 0.641890
vt 0.086929 0.633281
vt 0.102486 0.651438
vt 0.088858 0.661965
vt 0.199230 0.693893
vt 0.200979 0.682640
vt 0.225499 0.693078
vt 0.228507 0.702964
vt 0.165016 0.689542
vt 0.167595 0.675412
vt 0.198207 0.705341
vt 0.229628 0.713878
vt 0.094750 0.686887
vt 0.102244 0.677790
vt 0.116131 0.687007
vt 0.111218 0.696025
vt 0.271922 0.739278
vt 0.270401 0.723544
vt 0.276675 0.711726
vt 0.296856 0.719643
vt 0.263628 0.715541
vt 0.269040 0.711140
vt 0.028710 0.619536
vt 0.045991 0.612446
vt 0.053500 0.628721
vt 0.037954 0.637896
vt 0.060005 0.608841
vt 0.065033 0.623221
vt 0.161973 0.714506
vt 0.163090 0.701385
vt 0.195692 0.718792
vt 0.075647 0.609996
vt 0.074690 0.620735
vt 0.087067 0.697379
vt 0.106556 0.707672
vt 0.255791 0.707502
vt 0.263022 0.709458
vt 0.136335 0.689132
vt 0.139144 0.676634
vt 0.114105 0.668116
vt 0.121562 0.678935
vt 0.133260 0.699944
vt 0.131361 0.712707
vt 0.226560 0.727280
vt 0.051833 0.659583
vt 0.064781 0.649950
vt 0.079408 0.670994
vt 0.068731 0.681037
vt 0.214018 0.666742
vt 0.223496 0.669497
vt 0.172363 0.629330
vt 0.186114 0.630657
vt 0.155433 0.580672
vt 0.140860 0.577668
vt 0.233453 0.667125
vt 0.243516 0.659420
vt 0.197327 0.629793
vt 0.209983 0.623921
vt 0.183850 0.577667
vt 0.168956 0.579879
vt 0.018383 0.579234
vt 0.037394 0.577825
vt 0.052782 0.576505
vt 0.071983 0.575799
vt 0.107142 0.587166
vt 0.110602 0.604021
vt 0.076009 0.596863
vt 0.073598 0.585083
vt 0.099194 0.620166
vt 0.125071 0.638759
vt 0.136360 0.659672
vt 0.169344 0.656602
vt 0.207943 0.673820
vt 0.146883 0.595034
vt 0.056150 0.596280
vt 0.041238 0.598855
vt 0.023078 0.603848
vt 0.103231 0.575920
vt 0.053666 0.585590
vt 0.038608 0.587578
vt 0.019923 0.590703
vt 0.165864 0.601572
vt 0.177075 0.601042
vt 0.191397 0.596534
s 1
usemtl Sting
f 405/304/401 380/305/376 376/306/372 404/307/400
f 394/308/390 393/309/389 383/310/379 374/311/370
f 386/312/382 394/308/390 374/311/370 375/313/371
f 395/314/391 392/315/388 393/309/389 394/308/390
f 419/316/415 388/317/384 389/318/385 418/319/414
f 566/320/562 511/321/507 391/322/387 420/323/416
f 420/323/416 391/322/387 390/324/386 421/325/417
f 557/326/553 517/327/513 397/328/393 410/329/406
f 410/329/406 397/328/393 396/330/392 413/331/409
f 514/332/510 515/333/511 395/314/391 387/334/383
f 387/334/383 395/314/391 394/308/390 386/312/382
f 413/331/409 396/330/392 378/335/374 408/336/404
f 567/337/563 512/338/508 388/317/384 419/316/415
f 421/325/417 390/324/386 382/339/378 417/340/413
f 411/341/407 386/312/382 375/313/371 409/342/405
f 418/319/414 389/318/385 379/343/375 416/344/412
f 412/345/408 387/334/383 386/312/382 411/341/407
f 556/346/552 514/332/510 387/334/383 412/345/408
f 515/333/511 516/347/512 392/315/388 395/314/391
f 551/348/547 518/349/514 381/350/377 406/351/402
f 406/351/402 381/350/377 380/305/376 405/304/401
f 390/324/386 401/352/397 402/353/398 382/339/378
f 401/352/397 400/354/396 403/355/399 402/353/398
f 437/356/433 466/357/462 471/358/467 432/359/428
f 511/321/507 543/360/539 399/361/395 391/322/387
f 543/360/539 544/362/540 398/363/394 399/361/395
f 586/364/582 629/365/625 463/366/459 436/367/432
f 391/322/387 399/361/395 401/352/397 390/324/386
f 399/361/395 398/363/394 400/354/396 401/352/397
f 436/367/432 463/366/459 466/357/462 437/356/433
f 588/368/584 434/369/430 472/370/468 639/371/635
f 434/369/430 435/372/431 474/373/470 472/370/468
f 435/372/431 433/374/429 473/375/469 474/373/470
f 431/376/427 430/377/426 377/378/373 407/379/403
f 415/380/411 414/381/410 403/355/399 407/379/403
f 424/382/420 414/381/410 376/306/372 416/344/412
f 422/383/418 423/384/419 402/353/398 403/355/399
f 423/384/419 417/340/413 382/339/378 402/353/398
f 408/336/404 415/380/411 407/379/403 377/378/373
f 429/385/425 431/376/427 407/379/403 403/355/399
f 397/328/393 406/351/402 405/304/401 396/330/392
f 517/327/513 551/348/547 406/351/402 397/328/393
f 396/330/392 405/304/401 404/307/400 378/335/374
f 378/335/374 404/307/400 415/380/411 408/336/404
f 422/383/418 403/355/399 414/381/410 424/382/420
f 404/307/400 376/306/372 414/381/410 415/380/411
f 512/338/508 556/346/552 412/345/408 388/317/384
f 388/317/384 412/345/408 411/341/407 389/318/385
f 389/318/385 411/341/407 409/342/405 379/343/375
f 385/386/381 413/331/409 408/336/404 377/378/373
f 384/387/380 410/329/406 413/331/409 385/386/381
f 513/388/509 557/326/553 410/329/406 384/387/380
f 375/313/371 422/383/418 424/382/420 409/342/405
f 374/311/370 383/310/379 417/340/413 423/384/419
f 375/313/371 374/311/370 423/384/419 422/383/418
f 409/342/405 424/382/420 416/344/412 379/343/375
f 380/305/376 418/319/414 416/344/412 376/306/372
f 393/309/389 421/325/417 417/340/413 383/310/379
f 518/349/514 567/337/563 419/316/415 381/350/377
f 392/315/388 420/323/416 421/325/417 393/309/389
f 516/347/512 566/320/562 420/323/416 392/315/388
f 381/350/377 419/316/415 418/319/414 380/305/376
f 432/359/428 438/389/434 431/376/427 429/385/425
f 438/389/434 433/374/429 430/377/426 431/376/427
f 385/386/381 377/378/373 430/377/426 426/390/422
f 384/387/380 385/386/381 426/390/422 425/391/421
f 513/388/509 384/387/380 425/391/421 583/392/579
f 398/363/394 427/393/423 428/394/424 400/354/396
f 544/362/540 579/395/575 427/393/423 398/363/394
f 400/354/396 428/394/424 429/385/425 403/355/399
f 479/396/475 473/375/469 433/374/429 438/389/434
f 471/358/467 479/396/475 438/389/434 432/359/428
f 426/390/422 430/377/426 433/374/429 435/372/431
f 425/391/421 426/390/422 435/372/431 434/369/430
f 583/392/579 425/391/421 434/369/430 588/368/584
f 427/393/423 436/367/432 437/356/433 428/394/424
f 579/395/575 586/364/582 436/367/432 427/393/423
f 428/394/424 437/356/433 432/359/428 429/385/425
f 476/397/472 475/398/471 441/399/437 445/400/441
f 459/401/455 439/402/435 448/403/444 458/404/454
f 451/405/447 440/406/436 439/402/435 459/401/455
f 460/407/456 459/401/455 458/404/454 457/408/453
f 491/409/487 490/410/486 454/411/450 453/412/449
f 659/413/655 492/414/488 456/415/452 595/416/591
f 492/414/488 493/417/489 455/418/451 456/415/452
f 650/419/646 482/420/478 462/421/458 601/422/597
f 482/420/478 485/423/481 461/424/457 462/421/458
f 598/425/594 452/426/448 460/407/456 599/427/595
f 452/426/448 451/405/447 459/401/455 460/407/456
f 485/423/481 480/428/476 443/429/439 461/424/457
f 660/430/656 491/409/487 453/412/449 596/431/592
f 493/417/489 489/432/485 447/433/443 455/418/451
f 483/434/479 481/435/477 440/406/436 451/405/447
f 490/410/486 488/436/484 444/437/440 454/411/450
f 484/438/480 483/434/479 451/405/447 452/426/448
f 649/439/645 484/438/480 452/426/448 598/425/594
f 599/427/595 460/407/456 457/408/453 600/440/596
f 643/441/639 477/442/473 446/443/442 602/444/598
f 477/442/473 476/397/472 445/400/441 446/443/442
f 455/418/451 447/433/443 469/445/465 468/446/464
f 468/446/464 469/445/465 470/447/466 467/448/463
f 509/449/505 504/450/500 471/358/467 466/357/462
f 595/416/591 456/415/452 465/451/461 627/452/623
f 627/452/623 465/451/461 464/453/460 628/454/624
f 679/455/675 508/456/504 463/366/459 629/365/625
f 456/415/452 455/418/451 468/446/464 465/451/461
f 465/451/461 468/446/464 467/448/463 464/453/460
f 508/456/504 509/449/505 466/357/462 463/366/459
f 681/457/677 639/371/635 472/370/468 506/458/502
f 506/458/502 472/370/468 474/373/470 507/459/503
f 507/459/503 474/373/470 473/375/469 505/460/501
f 503/461/499 478/462/474 442/463/438 502/464/498
f 487/465/483 478/462/474 470/447/466 486/466/482
f 496/467/492 488/436/484 441/399/437 486/466/482
f 494/468/490 470/447/466 469/445/465 495/469/491
f 495/469/491 469/445/465 447/433/443 489/432/485
f 480/428/476 442/463/438 478/462/474 487/465/483
f 501/470/497 470/447/466 478/462/474 503/461/499
f 462/421/458 461/424/457 476/397/472 477/442/473
f 601/422/597 462/421/458 477/442/473 643/441/639
f 461/424/457 443/429/439 475/398/471 476/397/472
f 443/429/439 480/428/476 487/465/483 475/398/471
f 494/468/490 496/467/492 486/466/482 470/447/466
f 475/398/471 487/465/483 486/466/482 441/399/437
f 596/431/592 453/412/449 484/438/480 649/439/645
f 453/412/449 454/411/450 483/434/479 484/438/480
f 454/411/450 444/437/440 481/435/477 483/434/479
f 450/471/446 442/463/438 480/428/476 485/423/481
f 449/472/445 450/471/446 485/423/481 482/420/478
f 597/473/593 449/472/445 482/420/478 650/419/646
f 440/406/436 481/435/477 496/467/492 494/468/490
f 439/402/435 495/469/491 489/432/485 448/403/444
f 440/406/436 494/468/490 495/469/491 439/402/435
f 481/435/477 444/437/440 488/436/484 496/467/492
f 445/400/441 441/399/437 488/436/484 490/410/486
f 458/404/454 448/403/444 489/432/485 493/417/489
f 602/444/598 446/443/442 491/409/487 660/430/656
f 457/408/453 458/404/454 493/417/489 492/414/488
f 600/440/596 457/408/453 492/414/488 659/413/655
f 446/443/442 445/400/441 490/410/486 491/409/487
f 504/450/500 501/470/497 503/461/499 510/474/506
f 510/474/506 503/461/499 502/464/498 505/460/501
f 450/471/446 498/475/494 502/464/498 442/463/438
f 449/472/445 497/476/493 498/475/494 450/471/446
f 597/473/593 676/477/672 497/476/493 449/472/445
f 464/453/460 467/448/463 500/478/496 499/479/495
f 628/454/624 464/453/460 499/479/495 672/480/668
f 467/448/463 470/447/466 501/470/497 500/478/496
f 479/396/475 510/474/506 505/460/501 473/375/469
f 471/358/467 504/450/500 510/474/506 479/396/475
f 498/475/494 507/459/503 505/460/501 502/464/498
f 497/476/493 506/458/502 507/459/503 498/475/494
f 676/477/672 681/457/677 506/458/502 497/476/493
f 499/479/495 500/478/496 509/449/505 508/456/504
f 672/480/668 499/479/495 508/456/504 679/455/675
f 500/478/496 501/470/497 504/450/500 509/449/505
f 553/304/549 552/307/548 521/306/517 525/305/521
f 539/308/535 519/311/515 528/310/524 538/309/534
f 531/312/527 520/313/516 519/311/515 539/308/535
f 540/314/536 539/308/535 538/309/534 537/315/533
f 571/316/567 570/319/566 534/318/530 533/317/529
f 566/320/562 572/323/568 536/322/532 511/321/507
f 572/323/568 573/325/569 535/324/531 536/322/532
f 557/326/553 560/329/556 542/328/538 517/327/513
f 560/329/556 563/331/559 541/330/537 542/328/538
f 514/332/510 532/334/528 540/314/536 515/333/511
f 532/334/528 531/312/527 539/308/535 540/314/536
f 563/331/559 558/336/554 523/335/519 541/330/537
f 567/337/563 571/316/567 533/317/529 512/338/508
f 573/325/569 569/340/565 527/339/523 535/324/531
f 561/341/557 559/342/555 520/313/516 531/312/527
f 570/319/566 568/344/564 524/343/520 534/318/530
f 562/345/558 561/341/557 531/312/527 532/334/528
f 556/346/552 562/345/558 532/334/528 514/332/510
f 515/333/511 540/314/536 537/315/533 516/347/512
f 551/348/547 554/351/550 526/350/522 518/349/514
f 554/351/550 553/304/549 525/305/521 526/350/522
f 535/324/531 527/339/523 549/353/545 548/352/544
f 548/352/544 549/353/545 550/355/546 547/354/543
f 593/356/589 587/359/583 638/358/634 633/357/629
f 511/321/507 536/322/532 546/361/542 543/360/539
f 543/360/539 546/361/542 545/363/541 544/362/540
f 586/364/582 592/367/588 630/366/626 629/365/625
f 536/322/532 535/324/531 548/352/544 546/361/542
f 546/361/542 548/352/544 547/354/543 545/363/541
f 592/367/588 593/356/589 633/357/629 630/366/626
f 588/368/584 639/371/635 640/370/636 590/369/586
f 590/369/586 640/370/636 642/373/638 591/372/587
f 591/372/587 642/373/638 641/375/637 589/374/585
f 585/376/581 555/379/551 522/378/518 584/377/580
f 565/380/561 555/379/551 550/355/546 564/381/560
f 576/382/572 568/344/564 521/306/517 564/381/560
f 574/383/570 550/355/546 549/353/545 575/384/571
f 575/384/571 549/353/545 527/339/523 569/340/565
f 558/336/554 522/378/518 555/379/551 565/380/561
f 582/385/578 550/355/546 555/379/551 585/376/581
f 542/328/538 541/330/537 553/304/549 554/351/550
f 517/327/513 542/328/538 554/351/550 551/348/547
f 541/330/537 523/335/519 552/307/548 553/304/549
f 523/335/519 558/336/554 565/380/561 552/307/548
f 574/383/570 576/382/572 564/381/560 550/355/546
f 552/307/548 565/380/561 564/381/560 521/306/517
f 512/338/508 533/317/529 562/345/558 556/346/552
f 533/317/529 534/318/530 561/341/557 562/345/558
f 534/318/530 524/343/520 559/342/555 561/341/557
f 530/386/526 522/378/518 558/336/554 563/331/559
f 529/387/525 530/386/526 563/331/559 560/329/556
f 513/388/509 529/387/525 560/329/556 557/326/553
f 520/313/516 559/342/555 576/382/572 574/383/570
f 519/311/515 575/384/571 569/340/565 528/310/524
f 520/313/516 574/383/570 575/384/571 519/311/515
f 559/342/555 524/343/520 568/344/564 576/382/572
f 525/305/521 521/306/517 568/344/564 570/319/566
f 538/309/534 528/310/524 569/340/565 573/325/569
f 518/349/514 526/350/522 571/316/567 567/337/563
f 537/315/533 538/309/534 573/325/569 572/323/568
f 516/347/512 537/315/533 572/323/568 566/320/562
f 526/350/522 525/305/521 570/319/566 571/316/567
f 587/359/583 582/385/578 585/376/581 594/389/590
f 594/389/590 585/376/581 584/377/580 589/374/585
f 530/386/526 578/390/574 584/377/580 522/378/518
f 529/387/525 577/391/573 578/390/574 530/386/526
f 513/388/509 583/392/579 577/391/573 529/387/525
f 545/363/541 547/354/543 581/394/577 580/393/576
f 544/362/540 545/363/541 580/393/576 579/395/575
f 547/354/543 550/355/546 582/385/578 581/394/577
f 648/396/644 594/389/590 589/374/585 641/375/637
f 638/358/634 587/359/583 594/389/590 648/396/644
f 578/390/574 591/372/587 589/374/585 584/377/580
f 577/391/573 590/369/586 591/372/587 578/390/574
f 583/392/579 588/368/584 590/369/586 577/391/573
f 580/393/576 581/394/577 593/356/589 592/367/588
f 579/395/575 580/393/576 592/367/588 586/364/582
f 581/394/577 582/385/578 587/359/583 593/356/589
f 645/397/641 609/400/605 605/399/601 644/398/640
f 623/401/619 622/404/618 612/403/608 603/402/599
f 615/405/611 623/401/619 603/402/599 604/406/600
f 624/407/620 621/408/617 622/404/618 623/401/619
f 664/409/660 617/412/613 618/411/614 663/410/659
f 659/413/655 595/416/591 620/415/616 665/414/661
f 665/414/661 620/415/616 619/418/615 666/417/662
f 650/419/646 601/422/597 626/421/622 653/420/649
f 653/420/649 626/421/622 625/424/621 656/423/652
f 598/425/594 599/427/595 624/407/620 616/426/612
f 616/426/612 624/407/620 623/401/619 615/405/611
f 656/423/652 625/424/621 607/429/603 651/428/647
f 660/430/656 596/431/592 617/412/613 664/409/660
f 666/417/662 619/418/615 611/433/607 662/432/658
f 654/434/650 615/405/611 604/406/600 652/435/648
f 663/410/659 618/411/614 608/437/604 661/436/657
f 655/438/651 616/426/612 615/405/611 654/434/650
f 649/439/645 598/425/594 616/426/612 655/438/651
f 599/427/595 600/440/596 621/408/617 624/407/620
f 643/441/639 602/444/598 610/443/606 646/442/642
f 646/442/642 610/443/606 609/400/605 645/397/641
f 619/418/615 635/446/631 636/445/632 611/433/607
f 635/446/631 634/448/630 637/447/633 636/445/632
f 686/449/682 633/357/629 638/358/634 680/450/676
f 595/416/591 627/452/623 632/451/628 620/415/616
f 627/452/623 628/454/624 631/453/627 632/451/628
f 679/455/675 629/365/625 630/366/626 685/456/681
f 620/415/616 632/451/628 635/446/631 619/418/615
f 632/451/628 631/453/627 634/448/630 635/446/631
f 685/456/681 630/366/626 633/357/629 686/449/682
f 681/457/677 683/458/679 640/370/636 639/371/635
f 683/458/679 684/459/680 642/373/638 640/370/636
f 684/459/680 682/460/678 641/375/637 642/373/638
f 678/461/674 677/464/673 606/463/602 647/462/643
f 658/465/654 657/466/653 637/447/633 647/462/643
f 669/467/665 657/466/653 605/399/601 661/436/657
f 667/468/663 668/469/664 636/445/632 637/447/633
f 668/469/664 662/432/658 611/433/607 636/445/632
f 651/428/647 658/465/654 647/462/643 606/463/602
f 675/470/671 678/461/674 647/462/643 637/447/633
f 626/421/622 646/442/642 645/397/641 625/424/621
f 601/422/597 643/441/639 646/442/642 626/421/622
f 625/424/621 645/397/641 644/398/640 607/429/603
f 607/429/603 644/398/640 658/465/654 651/428/647
f 667/468/663 637/447/633 657/466/653 669/467/665
f 644/398/640 605/399/601 657/466/653 658/465/654
f 596/431/592 649/439/645 655/438/651 617/412/613
f 617/412/613 655/438/651 654/434/650 618/411/614
f 618/411/614 654/434/650 652/435/648 608/437/604
f 614/471/610 656/423/652 651/428/647 606/463/602
f 613/472/609 653/420/649 656/423/652 614/471/610
f 597/473/593 650/419/646 653/420/649 613/472/609
f 604/406/600 667/468/663 669/467/665 652/435/648
f 603/402/599 612/403/608 662/432/658 668/469/664
f 604/406/600 603/402/599 668/469/664 667/468/663
f 652/435/648 669/467/665 661/436/657 608/437/604
f 609/400/605 663/410/659 661/436/657 605/399/601
f 622/404/618 666/417/662 662/432/658 612/403/608
f 602/444/598 660/430/656 664/409/660 610/443/606
f 621/408/617 665/414/661 666/417/662 622/404/618
f 600/440/596 659/413/655 665/414/661 621/408/617
f 610/443/606 664/409/660 663/410/659 609/400/605
f 680/450/676 687/474/683 678/461/674 675/470/671
f 687/474/683 682/460/678 677/464/673 678/461/674
f 614/471/610 606/463/602 677/464/673 671/475/667
f 613/472/609 614/471/610 671/475/667 670/476/666
f 597/473/593 613/472/609 670/476/666 676/477/672
f 631/453/627 673/479/669 674/478/670 634/448/630
f 628/454/624 672/480/668 673/479/669 631/453/627
f 634/448/630 674/478/670 675/470/671 637/447/633
f 648/396/644 641/375/637 682/460/678 687/474/683
f 638/358/634 648/396/644 687/474/683 680/450/676
f 671/475/667 677/464/673 682/460/678 684/459/680
f 670/476/666 671/475/667 684/459/680 683/458/679
f 676/477/672 670/476/666 683/458/679 681/457/677
f 673/479/669 685/456/681 686/449/682 674/478/670
f 672/480/668 679/455/675 685/456/681 673/479/669
f 674/478/670 686/449/682 680/450/676 675/470/671
o Garde
v 0.533389 0.797781 12.021531
v 0.065799 0.798432 11.748100
v 1.602336 0.775374 12.421629
v 3.262172 0.737226 12.499143
v 5.022288 0.692730 12.149574
v 6.071520 0.656092 11.733222
v 6.019852 0.638650 11.627118
v 4.936748 0.651851 11.885132
v 3.260625 0.666695 12.019523
v 1.764980 0.678802 11.785370
v 0.669114 0.686177 11.274784
v 0.096632 0.264118 10.568598
v 0.085304 0.684652 10.950493
v 0.738552 0.264118 10.904140
v 5.069784 0.345909 12.275495
v 4.898704 0.264118 11.746611
v 1.527315 0.429811 12.742909
v 6.325120 0.265976 11.524620
v 0.057622 0.429811 12.163813
v 1.852603 0.264118 11.470391
v 6.353314 0.276059 11.578807
v 6.089477 0.299267 11.797301
v 5.986142 0.264118 11.585093
v 3.269246 0.405199 12.734226
v 3.266152 0.264118 11.774986
v 0.467102 0.429811 12.397635
v 0.600464 0.741802 11.646792
v 1.192334 0.683078 11.551210
v 2.437571 0.673178 11.950421
v 4.128798 0.659985 11.996488
v 5.596442 0.643817 11.742871
v 1.001521 0.788038 12.239033
v 2.350873 0.758428 12.523580
v 4.198541 0.715562 12.367935
v 5.668314 0.671183 11.914518
v 6.049624 0.646898 11.674657
v 4.977155 0.672625 12.020504
v 3.258248 0.702306 12.261695
v 1.680507 0.726979 12.101925
v 0.074764 0.740379 11.340843
v 0.273909 0.687931 11.044931
v 0.215596 0.804525 11.835697
v 0.305428 0.264118 10.657189
v 0.188803 0.429811 12.238720
v 5.708189 0.318857 12.003098
v 4.236169 0.375286 12.543025
v 4.096684 0.264118 11.800131
v 5.564445 0.264118 11.659804
v 2.316975 0.429811 12.812916
v 0.908084 0.429811 12.584414
v 6.220724 0.264118 11.535644
v 6.351819 0.270681 11.542262
v 1.289709 0.264118 11.208769
v 2.490371 0.264118 11.666599
v 6.281802 0.291515 11.656428
v 0.243571 0.745681 11.436494
v 1.095943 0.735493 11.894386
v 2.389496 0.715707 12.235622
v 4.162292 0.688504 12.187528
v 5.630409 0.657201 11.827316
v -0.533389 0.797781 12.021531
v -0.065799 0.798432 11.748100
v -1.602336 0.775374 12.421629
v -3.262172 0.737226 12.499143
v -5.022288 0.692730 12.149574
v -6.071520 0.656092 11.733222
v -6.019852 0.638650 11.627118
v -4.936748 0.651851 11.885132
v -3.260625 0.666695 12.019523
v -1.764980 0.678802 11.785370
v -0.669114 0.686177 11.274784
v -0.096632 0.264118 10.568598
v -0.085304 0.684652 10.950493
v -0.738552 0.264118 10.904140
v -5.069784 0.345909 12.275495
v -4.898704 0.264118 11.746611
v -1.527315 0.429811 12.742909
v -6.325120 0.265976 11.524620
v -0.057622 0.429811 12.163813
v -1.852603 0.264118 11.470391
v -6.353314 0.276059 11.578807
v -6.089477 0.299267 11.797301
v -5.986142 0.264118 11.585093
v -3.269246 0.405199 12.734226
v -3.266152 0.264118 11.774986
v -0.467102 0.429811 12.397635
v -0.600464 0.741802 11.646792
v -1.192334 0.683078 11.551210
v 0.000000 0.684337 10.923762
v -2.437571 0.673178 11.950421
v -4.128798 0.659985 11.996488
v -5.596442 0.643817 11.742871
v -1.001521 0.788038 12.239033
v 0.000000 0.795709 11.709623
v -2.350873 0.758428 12.523580
v -4.198541 0.715562 12.367935
v -5.668314 0.671183 11.914518
v -6.049624 0.646898 11.674657
v -4.977155 0.672625 12.020504
v -3.258248 0.702306 12.261695
v -1.680507 0.726979 12.101925
v -0.074764 0.740379 11.340843
v -0.273909 0.687931 11.044931
v -0.215596 0.804525 11.835697
v -0.305428 0.264118 10.657189
v -0.188803 0.429811 12.238720
v 0.000000 0.264118 10.559187
v -5.708189 0.318857 12.003098
v -4.236169 0.375286 12.543025
v -4.096684 0.264118 11.800131
v -5.564445 0.264118 11.659804
v 0.000000 0.429811 12.130909
v -2.316975 0.429811 12.812916
v -0.908084 0.429811 12.584414
v -6.220724 0.264118 11.535644
v -6.351819 0.270681 11.542262
v -1.289709 0.264118 11.208769
v -2.490371 0.264118 11.666599
v -6.281802 0.291515 11.656428
v -0.243571 0.745681 11.436494
v -1.095943 0.735493 11.894386
v 0.000000 0.737912 11.302516
v -2.389496 0.715707 12.235622
v -4.162292 0.688504 12.187528
v -5.630409 0.657201 11.827316
v 0.533389 -0.797781 12.021531
v 0.065799 -0.798432 11.748100
v 1.602336 -0.775374 12.421629
v 3.262172 -0.737226 12.499143
v 5.022288 -0.692730 12.149574
v 6.071520 -0.656092 11.733222
v 6.019852 -0.638650 11.627118
v 4.936748 -0.651851 11.885132
v 3.260625 -0.666695 12.019523
v 1.764980 -0.678802 11.785370
v 0.669114 -0.686177 11.274784
v 0.096632 -0.264118 10.568598
v 0.085304 -0.684652 10.950493
v 0.738552 -0.264118 10.904140
v 5.069784 -0.345909 12.275495
v 4.898704 -0.264118 11.746611
v 1.527315 -0.429811 12.742909
v 6.325120 -0.265976 11.524620
v 0.057622 -0.429811 12.163813
v 1.852603 -0.264118 11.470391
v 6.353314 -0.276059 11.578807
v 6.089477 -0.299267 11.797301
v 5.986142 -0.264118 11.585093
v 3.269246 -0.405199 12.734226
v 3.266152 -0.264118 11.774986
v 0.467102 -0.429811 12.397635
v 0.057622 0.000000 12.163813
v 1.527315 0.000000 12.742909
v 1.852603 0.000000 11.470391
v 3.269246 0.000000 12.734226
v 3.266152 0.000000 11.774986
v 5.069784 0.000000 12.275495
v 4.898704 0.000000 11.746611
v 6.325120 0.000000 11.524620
v 6.089477 0.000000 11.797301
v 5.986142 0.000000 11.585093
v 6.353314 0.000000 11.578807
v 0.600464 -0.741802 11.646792
v 0.096632 0.000000 10.568598
v 1.192334 -0.683078 11.551210
v 2.437571 -0.673178 11.950421
v 4.128798 -0.659985 11.996488
v 5.596442 -0.643817 11.742871
v 1.001521 -0.788038 12.239033
v 2.350873 -0.758428 12.523580
v 4.198541 -0.715562 12.367935
v 5.668314 -0.671183 11.914518
v 6.049624 -0.646898 11.674657
v 4.977155 -0.672625 12.020504
v 3.258248 -0.702306 12.261695
v 1.680507 -0.726979 12.101925
v 0.738552 0.000000 10.904140
v 0.074764 -0.740379 11.340843
v 0.273909 -0.687931 11.044931
v 0.467102 0.000000 12.397635
v 0.215596 -0.804525 11.835697
v 0.305428 -0.264118 10.657189
v 0.188803 -0.429811 12.238720
v 5.708189 -0.318857 12.003098
v 4.236169 -0.375286 12.543025
v 4.096684 -0.264118 11.800131
v 5.564445 -0.264118 11.659804
v 2.316975 -0.429811 12.812916
v 0.908084 -0.429811 12.584414
v 6.220724 -0.264118 11.535644
v 6.351819 -0.270681 11.542262
v 1.289709 -0.264118 11.208769
v 2.490371 -0.264118 11.666599
v 6.281802 -0.291515 11.656428
v 0.908084 0.000000 12.584414
v 1.289709 0.000000 11.208769
v 2.316975 0.000000 12.812916
v 2.490371 0.000000 11.666599
v 4.236169 0.000000 12.543025
v 4.096684 0.000000 11.800131
v 5.708189 0.000000 12.003098
v 5.564445 0.000000 11.659804
v 6.281802 0.000000 11.656428
v 6.220725 0.000000 11.535644
v 6.351819 0.000000 11.542262
v 0.243571 -0.745681 11.436494
v 1.095943 -0.735493 11.894386
v 2.389496 -0.715707 12.235622
v 4.162292 -0.688504 12.187528
v 5.630409 -0.657201 11.827316
v 0.305428 0.000000 10.657189
v 0.188803 0.000000 12.238720
v -0.533389 -0.797781 12.021531
v -0.065799 -0.798432 11.748100
v -1.602336 -0.775374 12.421629
v -3.262172 -0.737226 12.499143
v -5.022288 -0.692730 12.149574
v -6.071520 -0.656092 11.733222
v -6.019852 -0.638650 11.627118
v -4.936748 -0.651851 11.885132
v -3.260625 -0.666695 12.019523
v -1.764980 -0.678802 11.785370
v -0.669114 -0.686177 11.274784
v -0.096632 -0.264118 10.568598
v -0.085304 -0.684652 10.950493
v -0.738552 -0.264118 10.904140
v -5.069784 -0.345909 12.275495
v -4.898704 -0.264118 11.746611
v -1.527315 -0.429811 12.742909
v -6.325120 -0.265976 11.524620
v -0.057622 -0.429811 12.163813
v -1.852603 -0.264118 11.470391
v -6.353314 -0.276059 11.578807
v -6.089477 -0.299267 11.797301
v -5.986142 -0.264118 11.585093
v -3.269246 -0.405199 12.734226
v -3.266152 -0.264118 11.774986
v -0.467102 -0.429811 12.397635
v -0.057622 0.000000 12.163813
v -1.527315 0.000000 12.742909
v -1.852603 0.000000 11.470391
v -3.269246 0.000000 12.734226
v -3.266152 0.000000 11.774986
v -5.069784 0.000000 12.275495
v -4.898704 0.000000 11.746611
v -6.325120 0.000000 11.524620
v -6.089477 0.000000 11.797301
v -5.986142 0.000000 11.585093
v -6.353314 0.000000 11.578807
v -0.600464 -0.741802 11.646792
v -0.096632 0.000000 10.568598
v -1.192334 -0.683078 11.551210
v 0.000000 -0.684337 10.923762
v -2.437571 -0.673178 11.950421
v -4.128798 -0.659985 11.996488
v -5.596442 -0.643817 11.742871
v -1.001521 -0.788038 12.239033
v 0.000000 -0.795709 11.709623
v -2.350873 -0.758428 12.523580
v -4.198541 -0.715562 12.367935
v -5.668314 -0.671183 11.914518
v -6.049624 -0.646898 11.674657
v -4.977155 -0.672625 12.020504
v -3.258248 -0.702306 12.261695
v -1.680507 -0.726979 12.101925
v -0.738552 0.000000 10.904140
v -0.074764 -0.740379 11.340843
v -0.273909 -0.687931 11.044931
v -0.467102 0.000000 12.397635
v -0.215596 -0.804525 11.835697
v -0.305428 -0.264118 10.657189
v -0.188803 -0.429811 12.238720
v 0.000000 -0.264118 10.559187
v -5.708189 -0.318857 12.003098
v -4.236169 -0.375286 12.543025
v -4.096684 -0.264118 11.800131
v -5.564445 -0.264118 11.659804
v 0.000000 -0.429811 12.130909
v -2.316975 -0.429811 12.812916
v -0.908084 -0.429811 12.584414
v -6.220724 -0.264118 11.535644
v -6.351819 -0.270681 11.542262
v -1.289709 -0.264118 11.208769
v -2.490371 -0.264118 11.666599
v -6.281802 -0.291515 11.656428
v -0.908084 0.000000 12.584414
v -1.289709 0.000000 11.208769
v 0.000000 0.000000 12.139134
v 0.000000 0.000000 10.561540
v -2.316975 0.000000 12.812916
v -2.490371 0.000000 11.666599
v -4.236169 0.000000 12.543025
v -4.096684 0.000000 11.800131
v -5.708189 0.000000 12.003098
v -5.564445 0.000000 11.659804
v -6.281802 0.000000 11.656428
v -6.220725 0.000000 11.535644
v -6.351819 0.000000 11.542262
v -0.243571 -0.745681 11.436494
v -1.095943 -0.735493 11.894386
v 0.000000 -0.737912 11.302516
v -2.389496 -0.715707 12.235622
v -4.162292 -0.688504 12.187528
v -5.630409 -0.657201 11.827316
v -0.305428 0.000000 10.657189
v -0.188803 0.000000 12.238720
v 0.738552 0.604233 10.904140
v 0.733656 0.634638 10.930279
v 0.737118 0.624113 10.911797
v 1.527315 0.797377 12.742909
v 1.533457 0.819915 12.716603
v 1.529114 0.814959 12.735205
v 1.852603 0.604228 11.470391
v 1.845652 0.634542 11.495378
v 1.850567 0.624083 11.477710
v 3.269246 0.745289 12.734226
v 3.268451 0.767925 12.707823
v 3.269013 0.762904 12.726493
v 3.266152 0.604218 11.774986
v 3.265563 0.634562 11.801051
v 3.265980 0.624086 11.782620
v 5.069784 0.685981 12.275495
v 5.060565 0.708678 12.251052
v 5.067084 0.703621 12.268335
v 4.898704 0.604200 11.746611
v 4.905783 0.634659 11.772388
v 4.900777 0.624109 11.754160
v 6.325120 0.619560 11.524620
v 6.288985 0.645275 11.536753
v 6.314536 0.638111 11.528173
v 6.089477 0.639310 11.797301
v 6.082230 0.661928 11.771441
v 6.087355 0.656939 11.789727
v 5.986142 0.604168 11.585093
v 6.005026 0.635166 11.608636
v 5.991673 0.624249 11.591989
v 6.353314 0.629641 11.578807
v 6.320840 0.656230 11.596601
v 6.343802 0.648450 11.584019
v 0.467102 0.827433 12.397635
v 0.471869 0.849898 12.370585
v 0.468498 0.844991 12.389713
v 0.096632 0.604235 10.568598
v 0.095802 0.634678 10.596571
v 0.096389 0.624125 10.576791
v 0.057622 0.831571 12.163813
v 0.058202 0.853840 12.134311
v 0.057792 0.849071 12.155171
v 0.305428 0.604234 10.657189
v 0.303192 0.634787 10.684700
v 0.304773 0.624157 10.665247
v 0.915135 0.836680 12.558352
v 0.908084 0.814143 12.584414
v 0.910149 0.831724 12.576780
v 1.282611 0.634544 11.233731
v 1.289709 0.604231 11.208769
v 1.287630 0.624085 11.216081
v 2.316975 0.774750 12.812916
v 2.320096 0.797321 12.786280
v 2.317889 0.792343 12.805114
v 2.485612 0.634554 11.692181
v 2.490371 0.604223 11.666599
v 2.488977 0.624086 11.674092
v 4.236169 0.715368 12.543025
v 4.230675 0.738051 12.517463
v 4.234560 0.733000 12.535539
v 4.100951 0.634615 11.826221
v 4.096684 0.604210 11.800131
v 4.097934 0.624100 11.807773
v 5.708189 0.658916 12.003098
v 5.697443 0.681618 11.979228
v 5.705041 0.676563 11.996107
v 5.574195 0.634717 11.685118
v 5.564445 0.604186 11.659804
v 5.567300 0.624123 11.667218
v 6.281802 0.645178 11.656428
v 6.306476 0.655918 11.614689
v 6.289028 0.659337 11.644203
v 6.220725 0.604144 11.535644
v 6.316360 0.653103 11.531404
v 6.248736 0.629495 11.534402
v 6.319334 0.650443 11.556494
v 6.351819 0.624258 11.542262
v 6.342304 0.642950 11.546431
v 0.190716 0.853879 12.209940
v 0.188803 0.831172 12.238720
v 0.189363 0.848801 12.230290
v -0.733656 0.634638 10.930279
v -0.738552 0.604233 10.904140
v -0.737118 0.624113 10.911797
v -1.533457 0.819915 12.716603
v -1.527315 0.797377 12.742909
v -1.529114 0.814959 12.735205
v -1.845652 0.634542 11.495378
v -1.852603 0.604228 11.470391
v -1.850567 0.624083 11.477710
v -3.268451 0.767925 12.707823
v -3.269246 0.745289 12.734226
v -3.269013 0.762904 12.726493
v -3.265563 0.634562 11.801051
v -3.266152 0.604218 11.774986
v -3.265980 0.624086 11.782620
v -5.060565 0.708678 12.251052
v -5.069784 0.685981 12.275495
v -5.067084 0.703621 12.268335
v -4.905783 0.634659 11.772388
v -4.898704 0.604200 11.746611
v -4.900777 0.624109 11.754160
v -6.288985 0.645275 11.536753
v -6.325120 0.619560 11.524620
v -6.314536 0.638111 11.528173
v -6.082230 0.661928 11.771441
v -6.089477 0.639310 11.797301
v -6.087355 0.656939 11.789727
v -6.005026 0.635166 11.608636
v -5.986142 0.604168 11.585093
v -5.991673 0.624249 11.591989
v -6.320840 0.656230 11.596601
v -6.353314 0.629641 11.578807
v -6.343802 0.648450 11.584019
v -0.471869 0.849898 12.370585
v -0.467102 0.827433 12.397635
v -0.468498 0.844991 12.389713
v -0.095802 0.634678 10.596571
v -0.096632 0.604235 10.568598
v -0.096389 0.624125 10.576791
v -0.058202 0.853840 12.134311
v -0.057622 0.831571 12.163813
v -0.057792 0.849071 12.155171
v -0.303192 0.634787 10.684700
v -0.305428 0.604234 10.657189
v -0.304773 0.624157 10.665247
v -0.908084 0.814143 12.584414
v -0.915135 0.836680 12.558352
v -0.910149 0.831724 12.576780
v -1.289709 0.604231 11.208769
v -1.282611 0.634544 11.233731
v -1.287630 0.624085 11.216081
v 0.000000 0.851307 12.101059
v 0.000000 0.829045 12.130909
v 0.000000 0.846543 12.122166
v 0.000000 0.604235 10.559187
v 0.000000 0.634840 10.587150
v 0.000000 0.624173 10.567377
v -2.320096 0.797321 12.786280
v -2.316975 0.774750 12.812916
v -2.317889 0.792343 12.805114
v -2.490371 0.604223 11.666599
v -2.485612 0.634554 11.692181
v -2.488977 0.624086 11.674092
v -4.230675 0.738051 12.517463
v -4.236169 0.715368 12.543025
v -4.234560 0.733000 12.535539
v -4.096684 0.604210 11.800131
v -4.100951 0.634615 11.826221
v -4.097934 0.624100 11.807773
v -5.697443 0.681618 11.979228
v -5.708189 0.658916 12.003098
v -5.705041 0.676563 11.996107
v -5.564445 0.604186 11.659804
v -5.574195 0.634717 11.685118
v -5.567300 0.624123 11.667218
v -6.306476 0.655918 11.614689
v -6.281802 0.645178 11.656428
v -6.289028 0.659337 11.644203
v -6.316360 0.653103 11.531404
v -6.220725 0.604144 11.535644
v -6.248736 0.629495 11.534402
v -6.351819 0.624258 11.542262
v -6.319334 0.650443 11.556494
v -6.342304 0.642950 11.546431
v -0.188803 0.831172 12.238720
v -0.190716 0.853879 12.209940
v -0.189363 0.848801 12.230290
v 0.733656 -0.634638 10.930279
v 0.738552 -0.604233 10.904140
v 0.737118 -0.624113 10.911797
v 1.533457 -0.819915 12.716603
v 1.527315 -0.797377 12.742909
v 1.529114 -0.814959 12.735205
v 1.845652 -0.634542 11.495378
v 1.852603 -0.604228 11.470391
v 1.850567 -0.624083 11.477710
v 3.268451 -0.767925 12.707823
v 3.269246 -0.745289 12.734226
v 3.269013 -0.762904 12.726493
v 3.265563 -0.634562 11.801051
v 3.266152 -0.604218 11.774986
v 3.265980 -0.624086 11.782620
v 5.060565 -0.708678 12.251052
v 5.069784 -0.685981 12.275495
v 5.067084 -0.703621 12.268335
v 4.905783 -0.634659 11.772388
v 4.898704 -0.604200 11.746611
v 4.900777 -0.624109 11.754160
v 6.288985 -0.645275 11.536753
v 6.325120 -0.619560 11.524620
v 6.314536 -0.638111 11.528173
v 6.082230 -0.661928 11.771441
v 6.089477 -0.639310 11.797301
v 6.087355 -0.656939 11.789727
v 6.005026 -0.635166 11.608636
v 5.986142 -0.604168 11.585093
v 5.991673 -0.624249 11.591989
v 6.320840 -0.656230 11.596601
v 6.353314 -0.629641 11.578807
v 6.343802 -0.648450 11.584019
v 0.471869 -0.849898 12.370585
v 0.467102 -0.827433 12.397635
v 0.468498 -0.844991 12.389713
v 0.095802 -0.634678 10.596571
v 0.096632 -0.604235 10.568598
v 0.096389 -0.624125 10.576791
v 0.058202 -0.853840 12.134311
v 0.057622 -0.831571 12.163813
v 0.057792 -0.849071 12.155171
v 0.303192 -0.634787 10.684700
v 0.305428 -0.604234 10.657189
v 0.304773 -0.624157 10.665247
v 0.908084 -0.814143 12.584414
v 0.915135 -0.836680 12.558352
v 0.910149 -0.831724 12.576780
v 1.289709 -0.604231 11.208769
v 1.282611 -0.634544 11.233731
v 1.287630 -0.624085 11.216081
v 2.320096 -0.797321 12.786280
v 2.316975 -0.774750 12.812916
v 2.317889 -0.792343 12.805114
v 2.490371 -0.604223 11.666599
v 2.485612 -0.634554 11.692181
v 2.488977 -0.624086 11.674092
v 4.230675 -0.738051 12.517463
v 4.236169 -0.715368 12.543025
v 4.234560 -0.733000 12.535539
v 4.096684 -0.604210 11.800131
v 4.100951 -0.634615 11.826221
v 4.097934 -0.624100 11.807773
v 5.697443 -0.681618 11.979228
v 5.708189 -0.658916 12.003098
v 5.705041 -0.676563 11.996107
v 5.564445 -0.604186 11.659804
v 5.574195 -0.634717 11.685118
v 5.567300 -0.624123 11.667218
v 6.306476 -0.655918 11.614689
v 6.281802 -0.645178 11.656428
v 6.289028 -0.659337 11.644203
v 6.316360 -0.653103 11.531404
v 6.220725 -0.604144 11.535644
v 6.248736 -0.629495 11.534402
v 6.351819 -0.624258 11.542262
v 6.319334 -0.650443 11.556494
v 6.342304 -0.642950 11.546431
v 0.188803 -0.831172 12.238720
v 0.190716 -0.853879 12.209940
v 0.189363 -0.848801 12.230290
v -0.738552 -0.604233 10.904140
v -0.733656 -0.634638 10.930279
v -0.737118 -0.624113 10.911797
v -1.527315 -0.797377 12.742909
v -1.533457 -0.819915 12.716603
v -1.529114 -0.814959 12.735205
v -1.852603 -0.604228 11.470391
v -1.845652 -0.634542 11.495378
v -1.850567 -0.624083 11.477710
v -3.269246 -0.745289 12.734226
v -3.268451 -0.767925 12.707823
v -3.269013 -0.762904 12.726493
v -3.266152 -0.604218 11.774986
v -3.265563 -0.634562 11.801051
v -3.265980 -0.624086 11.782620
v -5.069784 -0.685981 12.275495
v -5.060565 -0.708678 12.251052
v -5.067084 -0.703621 12.268335
v -4.898704 -0.604200 11.746611
v -4.905783 -0.634659 11.772388
v -4.900777 -0.624109 11.754160
v -6.325120 -0.619560 11.524620
v -6.288985 -0.645275 11.536753
v -6.314536 -0.638111 11.528173
v -6.089477 -0.639310 11.797301
v -6.082230 -0.661928 11.771441
v -6.087355 -0.656939 11.789727
v -5.986142 -0.604168 11.585093
v -6.005026 -0.635166 11.608636
v -5.991673 -0.624249 11.591989
v -6.353314 -0.629641 11.578807
v -6.320840 -0.656230 11.596601
v -6.343802 -0.648450 11.584019
v -0.467102 -0.827433 12.397635
v -0.471869 -0.849898 12.370585
v -0.468498 -0.844991 12.389713
v -0.096632 -0.604235 10.568598
v -0.095802 -0.634678 10.596571
v -0.096389 -0.624125 10.576791
v -0.057622 -0.831571 12.163813
v -0.058202 -0.853840 12.134311
v -0.057792 -0.849071 12.155171
v -0.305428 -0.604234 10.657189
v -0.303192 -0.634787 10.684700
v -0.304773 -0.624157 10.665247
v -0.915135 -0.836680 12.558352
v -0.908084 -0.814143 12.584414
v -0.910149 -0.831724 12.576780
v -1.282611 -0.634544 11.233731
v -1.289709 -0.604231 11.208769
v -1.287630 -0.624085 11.216081
v 0.000000 -0.829045 12.130909
v 0.000000 -0.851307 12.101059
v 0.000000 -0.846543 12.122166
v 0.000000 -0.634840 10.587150
v 0.000000 -0.604235 10.559187
v 0.000000 -0.624173 10.567377
v -2.316975 -0.774750 12.812916
v -2.320096 -0.797321 12.786280
v -2.317889 -0.792343 12.805114
v -2.485612 -0.634554 11.692181
v -2.490371 -0.604223 11.666599
v -2.488977 -0.624086 11.674092
v -4.236169 -0.715368 12.543025
v -4.230675 -0.738051 12.517463
v -4.234560 -0.733000 12.535539
v -4.100951 -0.634615 11.826221
v -4.096684 -0.604210 11.800131
v -4.097934 -0.624100 11.807773
v -5.708189 -0.658916 12.003098
v -5.697443 -0.681618 11.979228
v -5.705041 -0.676563 11.996107
v -5.574195 -0.634717 11.685118
v -5.564445 -0.604186 11.659804
v -5.567300 -0.624123 11.667218
v -6.281802 -0.645178 11.656428
v -6.306476 -0.655918 11.614689
v -6.289028 -0.659337 11.644203
v -6.220725 -0.604144 11.535644
v -6.316360 -0.653103 11.531404
v -6.248736 -0.629495 11.534402
v -6.319334 -0.650443 11.556494
v -6.351819 -0.624258 11.542262
v -6.342304 -0.642950 11.546431
v -0.190716 -0.853879 12.209940
v -0.188803 -0.831172 12.238720
v -0.189363 -0.848801 12.230290
vn 0.0869 0.9876 -0.1307
vn 0.0445 0.9892 -0.1397
vn 0.0516 0.9892 -0.1374
vn 0.0107 0.9892 -0.1460
vn -0.0163 0.9889 -0.1480
vn -0.0446 0.9905 -0.1299
vn -0.0254 0.9987 -0.0438
vn -0.0149 0.9891 -0.1468
vn 0.0118 0.9893 -0.1456
vn 0.0523 0.9892 -0.1367
vn 0.0798 0.9878 -0.1337
vn 0.2437 -0.0011 -0.9699
vn 0.0444 0.9891 -0.1405
vn 0.4895 -0.0000 -0.8720
vn 0.3494 -0.0000 0.9370
vn -0.0980 -0.0000 -0.9952
vn -0.1687 -0.0000 0.9857
vn 0.2371 -0.0000 -0.9715
vn -0.4838 0.0021 0.8752
vn 0.3586 -0.0000 -0.9335
vn 0.9388 -0.0000 0.3446
vn 0.5342 -0.0000 0.8454
vn -0.1904 -0.0000 -0.9817
vn 0.1384 -0.0000 0.9904
vn 0.0844 -0.0000 -0.9964
vn -0.4437 -0.0000 0.8962
vn 0.0848 0.9875 -0.1332
vn 0.0689 0.9888 -0.1327
vn 0.0313 0.9893 -0.1422
vn -0.0033 0.9892 -0.1467
vn -0.0241 0.9887 -0.1478
vn 0.0716 0.9886 -0.1326
vn 0.0304 0.9893 -0.1427
vn -0.0047 0.9891 -0.1475
vn -0.0246 0.9889 -0.1468
vn -0.0514 0.9889 -0.1397
vn -0.0156 0.9890 -0.1474
vn 0.0114 0.9892 -0.1458
vn 0.0521 0.9892 -0.1370
vn 0.0447 0.9891 -0.1406
vn 0.0678 0.9881 -0.1381
vn 0.0729 0.9882 -0.1344
vn 0.4437 -0.0000 -0.8962
vn -0.4959 -0.0000 0.8684
vn 0.4342 -0.0000 0.9008
vn 0.2502 -0.0000 0.9682
vn -0.0182 -0.0000 -0.9998
vn -0.1519 -0.0000 -0.9884
vn -0.0030 -0.0000 1.0000
vn -0.3199 -0.0000 0.9475
vn -0.1558 -0.0000 -0.9878
vn 0.8708 -0.0000 -0.4916
vn 0.4529 -0.0000 -0.8916
vn 0.2169 -0.0000 -0.9762
vn 0.6663 -0.0000 0.7457
vn 0.0686 0.9880 -0.1381
vn 0.0702 0.9887 -0.1327
vn 0.0309 0.9893 -0.1424
vn -0.0039 0.9891 -0.1471
vn -0.0245 0.9888 -0.1471
vn -0.0869 0.9876 -0.1307
vn -0.0445 0.9892 -0.1397
vn -0.0516 0.9892 -0.1374
vn -0.0107 0.9892 -0.1460
vn 0.0163 0.9889 -0.1480
vn 0.0446 0.9905 -0.1299
vn 0.0254 0.9987 -0.0438
vn 0.0149 0.9891 -0.1468
vn -0.0118 0.9893 -0.1456
vn -0.0523 0.9892 -0.1367
vn -0.0798 0.9878 -0.1337
vn -0.2437 -0.0011 -0.9699
vn -0.0444 0.9891 -0.1405
vn -0.4895 -0.0000 -0.8720
vn -0.3494 -0.0000 0.9370
vn 0.0980 -0.0000 -0.9952
vn 0.1687 -0.0000 0.9857
vn -0.2371 -0.0000 -0.9715
vn 0.4838 0.0021 0.8752
vn -0.3586 -0.0000 -0.9335
vn -0.9388 -0.0000 0.3446
vn -0.5342 -0.0000 0.8454
vn 0.1904 -0.0000 -0.9817
vn -0.1384 -0.0000 0.9904
vn -0.0844 -0.0000 -0.9964
vn 0.4437 -0.0000 0.8962
vn -0.0848 0.9875 -0.1332
vn -0.0689 0.9888 -0.1327
vn -0.0000 0.9900 -0.1414
vn -0.0313 0.9893 -0.1422
vn 0.0033 0.9892 -0.1467
vn 0.0241 0.9887 -0.1478
vn -0.0716 0.9886 -0.1326
vn -0.0000 0.9901 -0.1406
vn -0.0304 0.9893 -0.1427
vn 0.0047 0.9891 -0.1475
vn 0.0246 0.9889 -0.1468
vn 0.0514 0.9889 -0.1397
vn 0.0156 0.9890 -0.1474
vn -0.0114 0.9892 -0.1458
vn -0.0521 0.9892 -0.1370
vn -0.0447 0.9891 -0.1406
vn -0.0678 0.9881 -0.1381
vn -0.0729 0.9882 -0.1344
vn -0.4437 -0.0000 -0.8962
vn 0.4959 -0.0000 0.8684
vn -0.0000 -0.0022 -1.0000
vn -0.4342 -0.0000 0.9008
vn -0.2502 -0.0000 0.9682
vn 0.0182 -0.0000 -0.9998
vn 0.1519 -0.0000 -0.9884
vn -0.0000 0.0048 1.0000
vn 0.0030 -0.0000 1.0000
vn 0.3199 -0.0000 0.9475
vn 0.1558 -0.0000 -0.9878
vn -0.8708 -0.0000 -0.4916
vn -0.4529 -0.0000 -0.8916
vn -0.2169 -0.0000 -0.9762
vn -0.6663 -0.0000 0.7457
vn -0.0686 0.9880 -0.1381
vn -0.0702 0.9887 -0.1327
vn -0.0000 0.9901 -0.1403
vn -0.0309 0.9893 -0.1424
vn 0.0039 0.9891 -0.1471
vn 0.0245 0.9888 -0.1471
vn 0.0869 -0.9876 -0.1307
vn 0.0445 -0.9892 -0.1397
vn 0.0516 -0.9892 -0.1374
vn 0.0107 -0.9892 -0.1460
vn -0.0163 -0.9889 -0.1480
vn -0.0446 -0.9905 -0.1299
vn -0.0254 -0.9987 -0.0438
vn -0.0149 -0.9891 -0.1468
vn 0.0118 -0.9893 -0.1456
vn 0.0523 -0.9892 -0.1367
vn 0.0798 -0.9878 -0.1337
vn 0.2437 0.0011 -0.9699
vn 0.0444 -0.9891 -0.1405
vn -0.4838 -0.0021 0.8752
vn -0.4716 -0.0000 0.8818
vn 0.0848 -0.9875 -0.1332
vn 0.2408 -0.0000 -0.9706
vn 0.0689 -0.9888 -0.1327
vn 0.0313 -0.9894 -0.1422
vn -0.0033 -0.9892 -0.1467
vn -0.0241 -0.9887 -0.1478
vn 0.0716 -0.9886 -0.1326
vn 0.0304 -0.9893 -0.1427
vn -0.0047 -0.9891 -0.1475
vn -0.0246 -0.9889 -0.1468
vn -0.0514 -0.9889 -0.1397
vn -0.0156 -0.9890 -0.1474
vn 0.0114 -0.9892 -0.1458
vn 0.0521 -0.9892 -0.1370
vn 0.0447 -0.9891 -0.1406
vn 0.0678 -0.9881 -0.1381
vn 0.0729 -0.9882 -0.1344
vn 0.0686 -0.9880 -0.1381
vn 0.0702 -0.9887 -0.1327
vn 0.0309 -0.9893 -0.1424
vn -0.0039 -0.9891 -0.1471
vn -0.0245 -0.9888 -0.1471
vn -0.0869 -0.9876 -0.1307
vn -0.0445 -0.9892 -0.1397
vn -0.0516 -0.9892 -0.1374
vn -0.0107 -0.9892 -0.1460
vn 0.0163 -0.9889 -0.1480
vn 0.0446 -0.9905 -0.1299
vn 0.0254 -0.9987 -0.0438
vn 0.0149 -0.9891 -0.1468
vn -0.0118 -0.9893 -0.1456
vn -0.0523 -0.9892 -0.1367
vn -0.0798 -0.9878 -0.1337
vn -0.2437 0.0011 -0.9699
vn -0.0444 -0.9891 -0.1405
vn 0.4838 -0.0021 0.8752
vn 0.4716 -0.0000 0.8818
vn -0.0848 -0.9875 -0.1332
vn -0.2408 -0.0000 -0.9706
vn -0.0689 -0.9888 -0.1327
vn -0.0000 -0.9900 -0.1414
vn -0.0313 -0.9894 -0.1422
vn 0.0033 -0.9892 -0.1467
vn 0.0241 -0.9887 -0.1478
vn -0.0716 -0.9886 -0.1326
vn -0.0000 -0.9901 -0.1406
vn -0.0304 -0.9893 -0.1427
vn 0.0047 -0.9891 -0.1475
vn 0.0246 -0.9889 -0.1468
vn 0.0514 -0.9889 -0.1397
vn 0.0156 -0.9890 -0.1474
vn -0.0114 -0.9892 -0.1458
vn -0.0521 -0.9892 -0.1370
vn -0.0447 -0.9891 -0.1406
vn -0.0678 -0.9881 -0.1381
vn -0.0729 -0.9882 -0.1344
vn -0.0000 0.0022 -1.0000
vn -0.0000 -0.0048 1.0000
vn -0.0000 -0.0000 1.0000
vn -0.0000 -0.0000 -1.0000
vn -0.0686 -0.9880 -0.1381
vn -0.0702 -0.9887 -0.1327
vn -0.0000 -0.9901 -0.1403
vn -0.0309 -0.9893 -0.1424
vn 0.0039 -0.9891 -0.1471
vn 0.0245 -0.9888 -0.1471
vn 0.4821 0.1766 -0.8581
vn 0.1660 0.9413 -0.2938
vn 0.3758 0.6413 -0.6689
vn -0.1601 0.2075 0.9651
vn 0.0167 0.9975 0.0693
vn -0.0910 0.7526 0.6522
vn 0.3533 0.1823 -0.9176
vn 0.1143 0.9473 -0.2991
vn 0.2707 0.6568 -0.7038
vn 0.1409 0.2027 0.9691
vn 0.0407 0.9971 0.0638
vn 0.1143 0.7484 0.6534
vn 0.0834 0.1832 -0.9795
vn 0.0266 0.9473 -0.3194
vn 0.0637 0.6572 -0.7510
vn 0.3490 0.2023 0.9150
vn 0.0574 0.9971 0.0502
vn 0.2563 0.7491 0.6109
vn -0.0957 0.1845 -0.9782
vn -0.0322 0.9467 -0.3206
vn -0.0737 0.6572 -0.7501
vn 0.2566 0.1471 -0.9553
vn -0.0043 0.9931 -0.1170
vn 0.1210 0.5354 -0.8359
vn 0.5243 0.1934 0.8293
vn 0.0302 0.9995 -0.0017
vn 0.3564 0.7648 0.5366
vn -0.1891 0.1635 -0.9683
vn -0.0877 0.9376 -0.3365
vn -0.1653 0.5947 -0.7868
vn 0.9391 0.2005 0.2791
vn 0.1514 0.9884 -0.0156
vn 0.6922 0.6887 0.2157
vn -0.4287 0.2057 0.8797
vn -0.0099 0.9981 0.0600
vn -0.2786 0.7543 0.5945
vn 0.2389 0.1868 -0.9529
vn 0.0899 0.9422 -0.3227
vn 0.1885 0.6480 -0.7379
vn -0.4881 0.2047 0.8484
vn -0.0522 0.9977 0.0426
vn -0.3336 0.7573 0.5614
vn 0.4344 0.1786 -0.8828
vn 0.1533 0.9399 -0.3050
vn 0.3406 0.6399 -0.6889
vn 0.0053 0.9978 0.0657
vn -0.3072 0.2076 0.9287
vn -0.1913 0.7546 0.6277
vn 0.1485 0.9446 -0.2928
vn 0.4462 0.1792 -0.8768
vn 0.3449 0.6488 -0.6783
vn 0.0019 0.2049 0.9788
vn 0.0308 0.9971 0.0699
vn 0.0201 0.7484 0.6629
vn 0.0685 0.9483 -0.3098
vn 0.2135 0.1837 -0.9595
vn 0.1630 0.6601 -0.7332
vn 0.2509 0.2019 0.9467
vn 0.0486 0.9971 0.0588
vn 0.1889 0.7474 0.6370
vn -0.0067 0.9472 -0.3207
vn -0.0171 0.1838 -0.9828
vn -0.0135 0.6576 -0.7532
vn 0.4326 0.2025 0.8785
vn 0.0676 0.9968 0.0434
vn 0.3155 0.7487 0.5831
vn -0.0506 0.9456 -0.3214
vn -0.1488 0.1848 -0.9715
vn -0.1148 0.6559 -0.7461
vn 0.6411 0.1736 0.7476
vn 0.1278 0.9915 0.0254
vn 0.4692 0.7554 0.4574
vn -0.1720 0.1133 -0.9786
vn -0.1093 0.8192 -0.5630
vn -0.1647 0.4177 -0.8935
vn 0.0919 0.9676 -0.2352
vn 0.8361 0.2320 -0.4971
vn 0.5521 0.7181 -0.4237
vn -0.0232 0.9985 0.0496
vn -0.4842 0.2031 0.8510
vn -0.3188 0.7575 0.5697
vn -0.1660 0.9413 -0.2938
vn -0.4821 0.1766 -0.8581
vn -0.3758 0.6413 -0.6689
vn -0.0167 0.9975 0.0693
vn 0.1601 0.2075 0.9651
vn 0.0910 0.7526 0.6522
vn -0.1143 0.9473 -0.2991
vn -0.3533 0.1823 -0.9176
vn -0.2707 0.6568 -0.7038
vn -0.0407 0.9971 0.0638
vn -0.1409 0.2027 0.9691
vn -0.1143 0.7484 0.6534
vn -0.0266 0.9473 -0.3194
vn -0.0834 0.1832 -0.9795
vn -0.0637 0.6572 -0.7510
vn -0.0574 0.9971 0.0502
vn -0.3490 0.2023 0.9150
vn -0.2563 0.7491 0.6109
vn 0.0322 0.9467 -0.3206
vn 0.0957 0.1845 -0.9782
vn 0.0737 0.6572 -0.7501
vn 0.0043 0.9931 -0.1170
vn -0.2566 0.1470 -0.9553
vn -0.1210 0.5354 -0.8359
vn -0.0302 0.9995 -0.0017
vn -0.5243 0.1934 0.8293
vn -0.3564 0.7648 0.5366
vn 0.0877 0.9376 -0.3365
vn 0.1891 0.1635 -0.9683
vn 0.1653 0.5947 -0.7868
vn -0.1514 0.9884 -0.0156
vn -0.9391 0.2005 0.2791
vn -0.6922 0.6887 0.2157
vn 0.0099 0.9981 0.0600
vn 0.4287 0.2057 0.8797
vn 0.2786 0.7543 0.5945
vn -0.0899 0.9422 -0.3227
vn -0.2389 0.1868 -0.9529
vn -0.1885 0.6480 -0.7379
vn 0.0522 0.9977 0.0426
vn 0.4881 0.2047 0.8484
vn 0.3336 0.7573 0.5614
vn -0.1533 0.9399 -0.3050
vn -0.4344 0.1786 -0.8828
vn -0.3406 0.6399 -0.6889
vn 0.3072 0.2076 0.9287
vn -0.0053 0.9978 0.0657
vn 0.1913 0.7546 0.6277
vn -0.4462 0.1792 -0.8768
vn -0.1485 0.9446 -0.2928
vn -0.3449 0.6488 -0.6783
vn -0.0000 0.9998 -0.0197
vn -0.0000 0.2418 0.9703
vn -0.0000 0.8544 0.5196
vn -0.0000 0.1919 -0.9814
vn -0.0000 0.9469 -0.3216
vn -0.0000 0.6604 -0.7510
vn -0.0308 0.9971 0.0699
vn -0.0019 0.2049 0.9788
vn -0.0201 0.7484 0.6629
vn -0.2135 0.1837 -0.9595
vn -0.0685 0.9483 -0.3098
vn -0.1630 0.6601 -0.7332
vn -0.0486 0.9971 0.0588
vn -0.2509 0.2019 0.9467
vn -0.1889 0.7474 0.6370
vn 0.0171 0.1838 -0.9828
vn 0.0067 0.9472 -0.3207
vn 0.0135 0.6576 -0.7532
vn -0.0676 0.9968 0.0434
vn -0.4326 0.2025 0.8785
vn -0.3155 0.7487 0.5831
vn 0.1488 0.1848 -0.9715
vn 0.0506 0.9456 -0.3214
vn 0.1148 0.6559 -0.7461
vn -0.1278 0.9915 0.0254
vn -0.6411 0.1736 0.7476
vn -0.4692 0.7554 0.4574
vn 0.1093 0.8192 -0.5630
vn 0.1720 0.1133 -0.9786
vn 0.1647 0.4177 -0.8935
vn -0.8361 0.2320 -0.4971
vn -0.0919 0.9676 -0.2352
vn -0.5521 0.7181 -0.4237
vn 0.4842 0.2031 0.8510
vn 0.0232 0.9985 0.0496
vn 0.3188 0.7575 0.5697
vn 0.1660 -0.9413 -0.2938
vn 0.4821 -0.1766 -0.8581
vn 0.3758 -0.6413 -0.6689
vn 0.0167 -0.9975 0.0693
vn -0.1601 -0.2075 0.9651
vn -0.0910 -0.7526 0.6522
vn 0.1143 -0.9473 -0.2991
vn 0.3533 -0.1823 -0.9176
vn 0.2707 -0.6568 -0.7038
vn 0.0407 -0.9971 0.0638
vn 0.1409 -0.2027 0.9691
vn 0.1143 -0.7484 0.6534
vn 0.0266 -0.9473 -0.3194
vn 0.0834 -0.1832 -0.9795
vn 0.0637 -0.6572 -0.7510
vn 0.0574 -0.9971 0.0502
vn 0.3490 -0.2023 0.9150
vn 0.2563 -0.7491 0.6109
vn -0.0322 -0.9467 -0.3206
vn -0.0957 -0.1845 -0.9782
vn -0.0737 -0.6572 -0.7501
vn -0.0043 -0.9931 -0.1170
vn 0.2566 -0.1470 -0.9553
vn 0.1210 -0.5354 -0.8359
vn 0.0302 -0.9995 -0.0017
vn 0.5243 -0.1934 0.8293
vn 0.3564 -0.7648 0.5366
vn -0.0877 -0.9376 -0.3365
vn -0.1891 -0.1635 -0.9683
vn -0.1653 -0.5947 -0.7868
vn 0.1514 -0.9884 -0.0156
vn 0.9391 -0.2005 0.2791
vn 0.6922 -0.6887 0.2157
vn -0.0099 -0.9981 0.0600
vn -0.4287 -0.2057 0.8797
vn -0.2786 -0.7543 0.5945
vn 0.0899 -0.9422 -0.3227
vn 0.2389 -0.1868 -0.9529
vn 0.1885 -0.6480 -0.7379
vn -0.0522 -0.9977 0.0426
vn -0.4881 -0.2047 0.8484
vn -0.3336 -0.7573 0.5614
vn 0.1533 -0.9399 -0.3050
vn 0.4344 -0.1786 -0.8828
vn 0.3406 -0.6399 -0.6889
vn -0.3072 -0.2076 0.9287
vn 0.0053 -0.9978 0.0657
vn -0.1913 -0.7546 0.6277
vn 0.4462 -0.1792 -0.8768
vn 0.1485 -0.9446 -0.2928
vn 0.3449 -0.6488 -0.6783
vn 0.0308 -0.9971 0.0699
vn 0.0019 -0.2049 0.9788
vn 0.0201 -0.7484 0.6629
vn 0.2135 -0.1837 -0.9595
vn 0.0685 -0.9483 -0.3098
vn 0.1630 -0.6601 -0.7332
vn 0.0486 -0.9971 0.0588
vn 0.2509 -0.2019 0.9467
vn 0.1889 -0.7474 0.6370
vn -0.0171 -0.1838 -0.9828
vn -0.0067 -0.9472 -0.3207
vn -0.0135 -0.6576 -0.7532
vn 0.0676 -0.9968 0.0434
vn 0.4326 -0.2025 0.8785
vn 0.3155 -0.7487 0.5831
vn -0.1488 -0.1848 -0.9715
vn -0.0506 -0.9456 -0.3214
vn -0.1148 -0.6559 -0.7461
vn 0.1278 -0.9915 0.0254
vn 0.6411 -0.1736 0.7476
vn 0.4692 -0.7554 0.4574
vn -0.1093 -0.8192 -0.5630
vn -0.1720 -0.1133 -0.9786
vn -0.1647 -0.4177 -0.8935
vn 0.8361 -0.2320 -0.4971
vn 0.0919 -0.9676 -0.2352
vn 0.5521 -0.7181 -0.4237
vn -0.4842 -0.2031 0.8510
vn -0.0232 -0.9985 0.0496
vn -0.3188 -0.7575 0.5697
vn -0.4821 -0.1766 -0.8581
vn -0.1660 -0.9413 -0.2938
vn -0.3758 -0.6413 -0.6689
vn 0.1601 -0.2075 0.9651
vn -0.0167 -0.9975 0.0693
vn 0.0910 -0.7526 0.6522
vn -0.3533 -0.1823 -0.9176
vn -0.1143 -0.9473 -0.2991
vn -0.2707 -0.6568 -0.7038
vn -0.1409 -0.2027 0.9691
vn -0.0407 -0.9971 0.0638
vn -0.1143 -0.7484 0.6534
vn -0.0834 -0.1832 -0.9795
vn -0.0266 -0.9473 -0.3194
vn -0.0637 -0.6572 -0.7510
vn -0.3490 -0.2023 0.9150
vn -0.0574 -0.9971 0.0502
vn -0.2563 -0.7491 0.6109
vn 0.0957 -0.1845 -0.9782
vn 0.0322 -0.9467 -0.3206
vn 0.0737 -0.6572 -0.7501
vn -0.2566 -0.1471 -0.9553
vn 0.0043 -0.9931 -0.1170
vn -0.1210 -0.5354 -0.8359
vn -0.5243 -0.1934 0.8293
vn -0.0302 -0.9995 -0.0017
vn -0.3564 -0.7648 0.5366
vn 0.1891 -0.1635 -0.9683
vn 0.0877 -0.9376 -0.3365
vn 0.1653 -0.5947 -0.7868
vn -0.9391 -0.2005 0.2791
vn -0.1514 -0.9884 -0.0156
vn -0.6922 -0.6887 0.2157
vn 0.4287 -0.2057 0.8797
vn 0.0099 -0.9981 0.0600
vn 0.2786 -0.7543 0.5945
vn -0.2389 -0.1868 -0.9529
vn -0.0899 -0.9422 -0.3227
vn -0.1885 -0.6480 -0.7379
vn 0.4881 -0.2047 0.8484
vn 0.0522 -0.9977 0.0426
vn 0.3336 -0.7573 0.5614
vn -0.4344 -0.1786 -0.8828
vn -0.1533 -0.9399 -0.3050
vn -0.3406 -0.6399 -0.6889
vn -0.0053 -0.9978 0.0657
vn 0.3072 -0.2076 0.9287
vn 0.1913 -0.7546 0.6277
vn -0.1485 -0.9446 -0.2928
vn -0.4462 -0.1792 -0.8768
vn -0.3449 -0.6488 -0.6783
vn -0.0000 -0.2418 0.9703
vn -0.0000 -0.9998 -0.0197
vn -0.0000 -0.8544 0.5196
vn -0.0000 -0.9469 -0.3216
vn -0.0000 -0.1919 -0.9814
vn -0.0000 -0.6604 -0.7510
vn -0.0019 -0.2049 0.9788
vn -0.0308 -0.9971 0.0699
vn -0.0201 -0.7484 0.6629
vn -0.0685 -0.9483 -0.3098
vn -0.2135 -0.1837 -0.9595
vn -0.1630 -0.6601 -0.7332
vn -0.2509 -0.2019 0.9467
vn -0.0486 -0.9971 0.0588
vn -0.1889 -0.7474 0.6370
vn 0.0067 -0.9472 -0.3207
vn 0.0171 -0.1838 -0.9828
vn 0.0135 -0.6576 -0.7532
vn -0.4326 -0.2025 0.8785
vn -0.0676 -0.9968 0.0434
vn -0.3155 -0.7487 0.5831
vn 0.0506 -0.9456 -0.3214
vn 0.1488 -0.1848 -0.9715
vn 0.1148 -0.6559 -0.7461
vn -0.6411 -0.1736 0.7476
vn -0.1278 -0.9915 0.0254
vn -0.4692 -0.7554 0.4574
vn 0.1720 -0.1133 -0.9786
vn 0.1093 -0.8192 -0.5630
vn 0.1647 -0.4177 -0.8935
vn -0.0919 -0.9676 -0.2352
vn -0.8361 -0.2320 -0.4971
vn -0.5521 -0.7181 -0.4237
vn 0.0232 -0.9985 0.0496
vn 0.4842 -0.2031 0.8510
vn 0.3188 -0.7575 0.5697
vt 0.277169 0.914850
vt 0.296178 0.909584
vt 0.298046 0.922903
vt 0.278127 0.929901
vt 0.263711 0.936853
vt 0.263354 0.920676
vt 0.256910 0.924099
vt 0.257169 0.940288
vt 0.254318 0.941723
vt 0.254318 0.925603
vt 0.318601 0.905736
vt 0.320451 0.917627
vt 0.345337 0.903566
vt 0.346593 0.914032
vt 0.377749 0.903588
vt 0.378120 0.912196
vt 0.411359 0.905302
vt 0.410859 0.911894
vt 0.441168 0.908714
vt 0.440377 0.913481
vt 0.464380 0.912605
vt 0.463743 0.915776
vt 0.478400 0.915414
vt 0.478217 0.917439
vt 0.477710 0.919218
vt 0.463249 0.918848
vt 0.439802 0.918482
vt 0.410517 0.918961
vt 0.378770 0.921083
vt 0.348265 0.924697
vt 0.322709 0.929743
vt 0.300285 0.936330
vt 0.279492 0.944419
vt 0.264286 0.951681
vt 0.261239 0.979915
vt 0.268959 0.977304
vt 0.272146 0.986261
vt 0.264308 0.989004
vt 0.260952 0.990132
vt 0.257882 0.980980
vt 0.257398 0.954855
vt 0.254319 0.955791
vt 0.285641 0.970896
vt 0.307273 0.962617
vt 0.310521 0.971798
vt 0.289066 0.979870
vt 0.445187 0.891361
vt 0.414198 0.886009
vt 0.416536 0.872517
vt 0.448253 0.879005
vt 0.473390 0.886203
vt 0.469330 0.897297
vt 0.440559 0.936676
vt 0.464119 0.934468
vt 0.465239 0.943661
vt 0.441478 0.946049
vt 0.412909 0.948977
vt 0.411768 0.939496
vt 0.316604 0.880106
vt 0.293481 0.881678
vt 0.292281 0.865828
vt 0.316098 0.864322
vt 0.345553 0.864598
vt 0.344889 0.880207
vt 0.490143 0.930310
vt 0.491180 0.929891
vt 0.493146 0.938988
vt 0.492071 0.939220
vt 0.488532 0.939958
vt 0.486752 0.931131
vt 0.256877 0.884905
vt 0.254318 0.884937
vt 0.254318 0.868193
vt 0.256720 0.868163
vt 0.262431 0.867988
vt 0.262974 0.884651
vt 0.329226 0.955391
vt 0.353276 0.948959
vt 0.355454 0.958476
vt 0.331995 0.964681
vt 0.494770 0.908028
vt 0.491277 0.906361
vt 0.496767 0.897409
vt 0.500080 0.899530
vt 0.501210 0.900246
vt 0.495907 0.908606
vt 0.483802 0.902480
vt 0.488820 0.892779
vt 0.478833 0.932528
vt 0.480298 0.941555
vt 0.378992 0.882109
vt 0.380615 0.867456
vt 0.381757 0.943653
vt 0.383306 0.953112
vt 0.275598 0.883504
vt 0.274398 0.867322
vt 0.231467 0.914850
vt 0.230509 0.929901
vt 0.210590 0.922904
vt 0.212458 0.909585
vt 0.245282 0.920677
vt 0.244925 0.936853
vt 0.251726 0.924100
vt 0.251468 0.940288
vt 0.190035 0.905737
vt 0.188185 0.917628
vt 0.162043 0.914034
vt 0.163299 0.903568
vt 0.130887 0.903590
vt 0.130516 0.912198
vt 0.097777 0.911897
vt 0.097277 0.905305
vt 0.067468 0.908718
vt 0.068260 0.913485
vt 0.044893 0.915780
vt 0.044256 0.912609
vt 0.030236 0.915418
vt 0.030420 0.917443
vt 0.030927 0.919222
vt 0.045387 0.918851
vt 0.068834 0.918485
vt 0.098119 0.918963
vt 0.129867 0.921085
vt 0.160372 0.924699
vt 0.185927 0.929744
vt 0.208352 0.936331
vt 0.229145 0.944419
vt 0.244351 0.951681
vt 0.247398 0.979916
vt 0.244330 0.989004
vt 0.236492 0.986261
vt 0.239678 0.977305
vt 0.250756 0.980980
vt 0.247685 0.990132
vt 0.251239 0.954855
vt 0.222996 0.970897
vt 0.219572 0.979871
vt 0.198116 0.971799
vt 0.201364 0.962618
vt 0.063449 0.891365
vt 0.060383 0.879008
vt 0.092100 0.872520
vt 0.094438 0.886012
vt 0.039306 0.897300
vt 0.035246 0.886207
vt 0.068078 0.936679
vt 0.067159 0.946052
vt 0.043398 0.943664
vt 0.044518 0.934472
vt 0.096869 0.939498
vt 0.095728 0.948980
vt 0.192032 0.880107
vt 0.192538 0.864323
vt 0.216355 0.865828
vt 0.215155 0.881679
vt 0.163746 0.880208
vt 0.163083 0.864599
vt 0.018494 0.930314
vt 0.016566 0.939224
vt 0.015491 0.938992
vt 0.017457 0.929895
vt 0.021885 0.931135
vt 0.020105 0.939962
vt 0.251759 0.884905
vt 0.251915 0.868164
vt 0.245661 0.884651
vt 0.246205 0.867988
vt 0.179411 0.955392
vt 0.176642 0.964682
vt 0.153183 0.958477
vt 0.155361 0.948960
vt 0.013867 0.908033
vt 0.008556 0.899534
vt 0.011869 0.897413
vt 0.017359 0.906365
vt 0.012729 0.908610
vt 0.007427 0.900251
vt 0.024834 0.902484
vt 0.019816 0.892783
vt 0.029804 0.932532
vt 0.028339 0.941559
vt 0.129643 0.882112
vt 0.128020 0.867458
vt 0.126879 0.943655
vt 0.125331 0.953114
vt 0.233037 0.883504
vt 0.234237 0.867322
vt 0.302948 0.950696
vt 0.281108 0.959370
vt 0.280797 0.958455
vt 0.302633 0.949760
vt 0.280666 0.957481
vt 0.302441 0.948788
vt 0.264940 0.966210
vt 0.264682 0.965322
vt 0.264602 0.964376
vt 0.294794 0.895587
vt 0.317006 0.893041
vt 0.317059 0.893974
vt 0.294875 0.896549
vt 0.317163 0.894938
vt 0.294982 0.897530
vt 0.344308 0.892347
vt 0.344295 0.893282
vt 0.344362 0.894227
vt 0.350502 0.936532
vt 0.325504 0.942937
vt 0.325218 0.941966
vt 0.350286 0.935564
vt 0.325016 0.940997
vt 0.350104 0.934584
vt 0.377605 0.894187
vt 0.377523 0.895132
vt 0.377525 0.896079
vt 0.412101 0.897980
vt 0.411955 0.898917
vt 0.411853 0.899847
vt 0.410380 0.927245
vt 0.379755 0.931152
vt 0.379600 0.930178
vt 0.410285 0.926289
vt 0.379510 0.929208
vt 0.410304 0.925316
vt 0.442294 0.903162
vt 0.442078 0.904085
vt 0.441893 0.904982
vt 0.465418 0.908494
vt 0.465127 0.909373
vt 0.464915 0.910241
vt 0.462921 0.922792
vt 0.439437 0.924556
vt 0.439368 0.923609
vt 0.462853 0.921879
vt 0.439434 0.922656
vt 0.462956 0.920956
vt 0.488362 0.918370
vt 0.487367 0.919809
vt 0.486998 0.919067
vt 0.487862 0.918342
vt 0.486040 0.919042
vt 0.486923 0.918211
vt 0.484494 0.920700
vt 0.484686 0.919772
vt 0.486816 0.918848
vt 0.478849 0.912505
vt 0.478495 0.913301
vt 0.478437 0.914146
vt 0.485276 0.915032
vt 0.485001 0.915800
vt 0.485718 0.916700
vt 0.477189 0.921667
vt 0.477121 0.920811
vt 0.477424 0.919922
vt 0.487778 0.916627
vt 0.487149 0.917207
vt 0.486232 0.917060
vt 0.264302 0.901561
vt 0.277395 0.898782
vt 0.277462 0.899812
vt 0.264306 0.902696
vt 0.277490 0.900883
vt 0.264316 0.903963
vt 0.257845 0.968848
vt 0.257627 0.967969
vt 0.257567 0.967025
vt 0.254319 0.969499
vt 0.254319 0.968600
vt 0.254319 0.967622
vt 0.254318 0.903866
vt 0.257445 0.903057
vt 0.257376 0.904284
vt 0.254318 0.905122
vt 0.257442 0.905663
vt 0.254318 0.906573
vt 0.206196 0.948789
vt 0.227971 0.957482
vt 0.227840 0.958456
vt 0.206004 0.949761
vt 0.227529 0.959371
vt 0.205689 0.950697
vt 0.244035 0.964377
vt 0.243955 0.965322
vt 0.243698 0.966210
vt 0.213654 0.897531
vt 0.191473 0.894938
vt 0.191577 0.893975
vt 0.213761 0.896549
vt 0.191630 0.893043
vt 0.213842 0.895588
vt 0.164274 0.894229
vt 0.164341 0.893284
vt 0.164328 0.892349
vt 0.158533 0.934586
vt 0.183621 0.940998
vt 0.183419 0.941967
vt 0.158351 0.935565
vt 0.183132 0.942939
vt 0.158135 0.936534
vt 0.131111 0.896081
vt 0.131112 0.895134
vt 0.131031 0.894189
vt 0.096783 0.899850
vt 0.096681 0.898920
vt 0.096535 0.897983
vt 0.098332 0.925319
vt 0.129126 0.929210
vt 0.129037 0.930180
vt 0.098351 0.926291
vt 0.128882 0.931154
vt 0.098257 0.927248
vt 0.066743 0.904985
vt 0.066559 0.904089
vt 0.066342 0.903165
vt 0.043721 0.910244
vt 0.043509 0.909376
vt 0.043218 0.908498
vt 0.045680 0.920960
vt 0.069203 0.922659
vt 0.069268 0.923612
vt 0.045784 0.921882
vt 0.069200 0.924559
vt 0.045715 0.922796
vt 0.021713 0.918215
vt 0.022597 0.919046
vt 0.021638 0.919071
vt 0.020775 0.918346
vt 0.021269 0.919813
vt 0.020275 0.918374
vt 0.021820 0.918852
vt 0.023950 0.919776
vt 0.024142 0.920704
vt 0.030200 0.914150
vt 0.030141 0.913305
vt 0.029788 0.912509
vt 0.022918 0.916704
vt 0.023635 0.915804
vt 0.023361 0.915036
vt 0.031212 0.919926
vt 0.031516 0.920815
vt 0.031448 0.921671
vt 0.022404 0.917064
vt 0.021487 0.917211
vt 0.020858 0.916631
vt 0.244320 0.903963
vt 0.231146 0.900883
vt 0.231174 0.899813
vt 0.244330 0.902697
vt 0.231241 0.898783
vt 0.244334 0.901561
vt 0.251070 0.967025
vt 0.251011 0.967969
vt 0.250793 0.968848
vt 0.251194 0.905663
vt 0.251260 0.904284
vt 0.251191 0.903057
vt 0.280666 0.957481
vt 0.264602 0.964376
vt 0.264682 0.965322
vt 0.294982 0.897530
vt 0.317163 0.894938
vt 0.294794 0.895587
vt 0.344362 0.894227
vt 0.350104 0.934584
vt 0.377525 0.896079
vt 0.377605 0.894187
vt 0.411853 0.899847
vt 0.410304 0.925316
vt 0.441893 0.904982
vt 0.439434 0.922656
vt 0.487862 0.918342
vt 0.488362 0.918370
vt 0.486816 0.918848
vt 0.484686 0.919772
vt 0.478495 0.913301
vt 0.478849 0.912505
vt 0.485719 0.916700
vt 0.485001 0.915800
vt 0.485276 0.915032
vt 0.477424 0.919922
vt 0.486232 0.917060
vt 0.487778 0.916627
vt 0.264316 0.903963
vt 0.257445 0.903057
vt 0.227529 0.959371
vt 0.227840 0.958456
vt 0.227971 0.957482
vt 0.243955 0.965322
vt 0.213842 0.895588
vt 0.191577 0.893975
vt 0.191473 0.894939
vt 0.164328 0.892349
vt 0.183621 0.940998
vt 0.131031 0.894189
vt 0.131112 0.895134
vt 0.098257 0.927248
vt 0.129126 0.929210
vt 0.098332 0.925319
vt 0.066559 0.904089
vt 0.043218 0.908498
vt 0.043721 0.910244
vt 0.069268 0.923612
vt 0.069203 0.922659
vt 0.020775 0.918346
vt 0.024142 0.920704
vt 0.023950 0.919776
vt 0.021820 0.918852
vt 0.029788 0.912509
vt 0.030141 0.913305
vt 0.030200 0.914150
vt 0.031516 0.920815
vt 0.020858 0.916631
vt 0.022404 0.917064
vt 0.244330 0.902697
vt 0.244320 0.903963
vt 0.251194 0.905663
s 1
usemtl Sting
f 688/481/684 719/482/715 744/483/740 714/484/710
f 688/481/684 714/484/710 743/485/739 729/486/725
f 689/487/685 729/486/725 743/485/739 727/488/723
f 689/487/685 727/488/723 809/489/805 781/490/777
f 690/491/686 726/492/722 744/483/740 719/482/715
f 690/491/686 720/493/716 745/494/741 726/492/722
f 691/495/687 725/496/721 745/494/741 720/493/716
f 691/495/687 721/497/717 746/498/742 725/496/721
f 692/499/688 724/500/720 746/498/742 721/497/717
f 692/499/688 722/501/718 747/502/743 724/500/720
f 693/503/689 723/504/719 747/502/743 722/501/718
f 694/505/690 718/506/714 747/502/743 723/504/719
f 695/507/691 717/508/713 746/498/742 724/500/720
f 695/507/691 724/500/720 747/502/743 718/506/714
f 696/509/692 716/510/712 745/494/741 725/496/721
f 696/509/692 725/496/721 746/498/742 717/508/713
f 697/511/693 715/512/711 744/483/740 726/492/722
f 697/511/693 726/492/722 745/494/741 716/510/712
f 698/513/694 728/514/724 743/485/739 714/484/710
f 698/513/694 714/484/710 744/483/740 715/512/711
f 699/515/695 730/516/726 898/517/726 851/518/825
f 699/515/695 851/518/825 976/519/883 794/520/790
f 700/521/696 776/522/772 809/489/805 727/488/723
f 700/521/696 727/488/723 743/485/739 728/514/724
f 701/523/697 740/524/736 883/525/736 864/526/697
f 701/523/697 864/526/697 898/517/726 730/516/726
f 702/527/698 733/528/729 886/529/729 844/530/698
f 702/527/698 844/530/698 888/531/728 732/532/728
f 703/533/699 735/534/731 889/535/731 845/536/699
f 703/533/699 845/536/699 887/537/730 734/538/730
f 704/539/700 737/540/733 882/541/733 840/542/700
f 704/539/700 840/542/700 884/543/732 736/544/732
f 705/545/701 739/546/735 892/547/735 846/548/701
f 705/545/701 846/548/701 891/549/734 738/550/734
f 706/551/702 799/552/795 975/553/882 839/554/823
f 706/551/702 839/554/823 899/555/727 731/556/727
f 707/557/703 741/558/737 885/559/737 841/560/703
f 707/557/703 841/560/703 883/525/736 740/524/736
f 708/561/704 742/562/738 890/563/738 849/564/704
f 708/561/704 849/564/704 892/565/735 739/566/735
f 709/567/705 732/532/728 888/531/728 847/568/705
f 709/567/705 847/568/705 890/563/738 742/562/738
f 710/569/706 738/550/734 891/549/734 848/570/706
f 710/569/706 848/570/706 889/535/731 735/534/731
f 711/571/707 736/544/732 884/543/732 842/572/707
f 711/571/707 842/572/707 886/529/729 733/528/729
f 712/573/708 734/538/730 887/537/730 843/574/708
f 712/573/708 843/574/708 885/559/737 741/558/737
f 713/575/709 731/556/727 899/555/727 867/576/709
f 713/575/709 867/576/709 882/541/733 737/540/733
f 748/577/744 774/578/770 808/579/804 780/580/776
f 748/577/744 791/581/787 807/582/803 774/578/770
f 749/583/745 789/584/785 807/582/803 791/581/787
f 749/583/745 781/490/777 809/489/805 789/584/785
f 750/585/746 780/580/776 808/579/804 788/586/784
f 750/585/746 788/586/784 810/587/806 782/588/778
f 751/589/747 782/588/778 810/587/806 787/590/783
f 751/589/747 787/590/783 811/591/807 783/592/779
f 752/593/748 783/592/779 811/591/807 786/594/782
f 752/593/748 786/594/782 812/595/808 784/596/780
f 753/597/749 784/596/780 812/595/808 785/598/781
f 754/599/750 785/598/781 812/595/808 779/600/775
f 755/601/751 786/594/782 811/591/807 778/602/774
f 755/601/751 779/600/775 812/595/808 786/594/782
f 756/603/752 787/590/783 810/587/806 777/604/773
f 756/603/752 778/602/774 811/591/807 787/590/783
f 757/605/753 788/586/784 808/579/804 775/606/771
f 757/605/753 777/604/773 810/587/806 788/586/784
f 758/607/754 774/578/770 807/582/803 790/608/786
f 758/607/754 775/606/771 808/579/804 774/578/770
f 759/609/755 938/610/862 992/611/788 792/612/788
f 759/609/755 794/613/790 976/614/883 938/610/862
f 760/615/756 789/584/785 809/489/805 776/522/772
f 760/615/756 790/608/786 807/582/803 789/584/785
f 761/616/757 953/617/757 974/618/800 804/619/800
f 761/616/757 792/612/788 992/611/788 953/617/757
f 762/620/758 931/621/758 979/622/792 796/623/792
f 762/620/758 795/624/791 981/625/791 931/621/758
f 763/626/759 932/627/759 982/628/794 798/629/794
f 763/626/759 797/630/793 980/631/793 932/627/759
f 764/632/760 927/633/760 973/634/797 801/635/797
f 764/632/760 800/636/796 977/637/796 927/633/760
f 765/638/761 933/639/761 985/640/799 803/641/799
f 765/638/761 802/642/798 984/643/798 933/639/761
f 766/644/762 926/645/860 975/553/882 799/552/795
f 766/644/762 793/646/789 993/647/789 926/645/860
f 767/648/763 928/649/763 978/650/801 805/651/801
f 767/648/763 804/619/800 974/618/800 928/649/763
f 768/652/764 936/653/764 983/654/802 806/655/802
f 768/652/764 803/656/799 985/657/799 936/653/764
f 769/658/765 934/659/765 981/625/791 795/624/791
f 769/658/765 806/655/802 983/654/802 934/659/765
f 770/660/766 935/661/766 984/643/798 802/642/798
f 770/660/766 798/629/794 982/628/794 935/661/766
f 771/662/767 929/663/767 977/637/796 800/636/796
f 771/662/767 796/623/792 979/622/792 929/663/767
f 772/664/768 930/665/768 980/631/793 797/630/793
f 772/664/768 805/651/801 978/650/801 930/665/768
f 773/666/769 956/667/769 993/647/789 793/646/789
f 773/666/769 801/635/797 973/634/797 956/667/769
f 813/481/809 850/484/824 894/483/842 856/482/830
f 813/481/809 868/486/840 893/485/841 850/484/824
f 814/487/810 865/488/838 893/485/841 868/486/840
f 814/487/810 945/490/869 988/489/886 865/488/838
f 815/491/811 856/482/830 894/483/842 863/492/837
f 815/491/811 863/492/837 895/494/843 857/493/831
f 816/495/812 857/493/831 895/494/843 862/496/836
f 816/495/812 862/496/836 896/498/844 858/497/832
f 817/499/813 858/497/832 896/498/844 861/500/835
f 817/499/813 861/500/835 897/502/845 859/501/833
f 818/503/814 859/501/833 897/502/845 860/504/834
f 819/505/815 860/504/834 897/502/845 855/506/829
f 820/507/816 861/500/835 896/498/844 854/508/828
f 820/507/816 855/506/829 897/502/845 861/500/835
f 821/509/817 862/496/836 895/494/843 853/510/827
f 821/509/817 854/508/828 896/498/844 862/496/836
f 822/511/818 863/492/837 894/483/842 852/512/826
f 822/511/818 853/510/827 895/494/843 863/492/837
f 823/513/819 850/484/824 893/485/841 866/514/839
f 823/513/819 852/512/826 894/483/842 850/484/824
f 824/515/820 851/518/825 898/517/726 869/516/726
f 824/515/820 960/520/880 976/519/883 851/518/825
f 825/521/821 865/488/838 988/489/886 940/522/864
f 825/521/821 866/514/839 893/485/841 865/488/838
f 826/523/697 864/526/697 883/525/736 879/524/736
f 826/523/697 869/516/726 898/517/726 864/526/697
f 827/527/698 844/530/698 886/529/729 872/528/729
f 827/527/698 871/532/728 888/531/728 844/530/698
f 828/533/699 845/536/699 889/535/731 874/534/731
f 828/533/699 873/538/730 887/537/730 845/536/699
f 829/539/700 840/542/700 882/541/733 876/540/733
f 829/539/700 875/544/732 884/543/732 840/542/700
f 830/545/701 846/548/701 892/547/735 878/546/735
f 830/545/701 877/550/734 891/549/734 846/548/701
f 831/551/822 839/554/823 975/553/882 965/552/881
f 831/551/822 870/556/727 899/555/727 839/554/823
f 832/557/703 841/560/703 885/559/737 880/558/737
f 832/557/703 879/524/736 883/525/736 841/560/703
f 833/561/704 849/564/704 890/563/738 881/562/738
f 833/561/704 878/566/735 892/565/735 849/564/704
f 834/567/705 847/568/705 888/531/728 871/532/728
f 834/567/705 881/562/738 890/563/738 847/568/705
f 835/569/706 848/570/706 891/549/734 877/550/734
f 835/569/706 874/534/731 889/535/731 848/570/706
f 836/571/707 842/572/707 884/543/732 875/544/732
f 836/571/707 872/528/729 886/529/729 842/572/707
f 837/573/708 843/574/708 887/537/730 873/538/730
f 837/573/708 880/558/737 885/559/737 843/574/708
f 838/575/709 867/576/709 899/555/727 870/556/727
f 838/575/709 876/540/733 882/541/733 867/576/709
f 900/577/846 944/580/868 987/579/885 937/578/861
f 900/577/846 937/578/861 986/582/884 957/581/879
f 901/583/847 957/581/879 986/582/884 954/584/877
f 901/583/847 954/584/877 988/489/886 945/490/869
f 902/585/848 952/586/876 987/579/885 944/580/868
f 902/585/848 946/588/870 989/587/887 952/586/876
f 903/589/849 951/590/875 989/587/887 946/588/870
f 903/589/849 947/592/871 990/591/888 951/590/875
f 904/593/850 950/594/874 990/591/888 947/592/871
f 904/593/850 948/596/872 991/595/889 950/594/874
f 905/597/851 949/598/873 991/595/889 948/596/872
f 906/599/852 943/600/867 991/595/889 949/598/873
f 907/601/853 942/602/866 990/591/888 950/594/874
f 907/601/853 950/594/874 991/595/889 943/600/867
f 908/603/854 941/604/865 989/587/887 951/590/875
f 908/603/854 951/590/875 990/591/888 942/602/866
f 909/605/855 939/606/863 987/579/885 952/586/876
f 909/605/855 952/586/876 989/587/887 941/604/865
f 910/607/856 955/608/878 986/582/884 937/578/861
f 910/607/856 937/578/861 987/579/885 939/606/863
f 911/609/857 958/612/788 992/611/788 938/610/862
f 911/609/857 938/610/862 976/614/883 960/613/880
f 912/615/858 940/522/864 988/489/886 954/584/877
f 912/615/858 954/584/877 986/582/884 955/608/878
f 913/616/757 970/619/800 974/618/800 953/617/757
f 913/616/757 953/617/757 992/611/788 958/612/788
f 914/620/758 962/623/792 979/622/792 931/621/758
f 914/620/758 931/621/758 981/625/791 961/624/791
f 915/626/759 964/629/794 982/628/794 932/627/759
f 915/626/759 932/627/759 980/631/793 963/630/793
f 916/632/760 967/635/797 973/634/797 927/633/760
f 916/632/760 927/633/760 977/637/796 966/636/796
f 917/638/761 969/641/799 985/640/799 933/639/761
f 917/638/761 933/639/761 984/643/798 968/642/798
f 918/644/859 965/552/881 975/553/882 926/645/860
f 918/644/859 926/645/860 993/647/789 959/646/789
f 919/648/763 971/651/801 978/650/801 928/649/763
f 919/648/763 928/649/763 974/618/800 970/619/800
f 920/652/764 972/655/802 983/654/802 936/653/764
f 920/652/764 936/653/764 985/657/799 969/656/799
f 921/658/765 961/624/791 981/625/791 934/659/765
f 921/658/765 934/659/765 983/654/802 972/655/802
f 922/660/766 968/642/798 984/643/798 935/661/766
f 922/660/766 935/661/766 982/628/794 964/629/794
f 923/662/767 966/636/796 977/637/796 929/663/767
f 923/662/767 929/663/767 979/622/792 962/623/792
f 924/664/768 963/630/793 980/631/793 930/665/768
f 924/664/768 930/665/768 978/650/801 971/651/801
f 925/666/769 959/646/789 993/647/789 956/667/769
f 925/666/769 956/667/769 973/634/797 967/635/797
f 1043/668/939 994/669/890 996/670/892 1044/671/940
f 1044/671/940 996/670/892 995/672/891 1042/673/938
f 994/669/890 1036/674/932 1038/675/934 996/670/892
f 996/670/892 1038/675/934 1037/676/933 995/672/891
f 1040/677/936 997/678/893 999/679/895 1041/680/937
f 1041/680/937 999/679/895 998/681/894 1039/682/935
f 997/678/893 1045/683/941 1047/684/943 999/679/895
f 999/679/895 1047/684/943 1046/685/942 998/681/894
f 1049/686/945 1000/687/896 1002/688/898 1050/689/946
f 1050/689/946 1002/688/898 1001/690/897 1048/691/944
f 1000/687/896 1043/668/939 1044/671/940 1002/688/898
f 1002/688/898 1044/671/940 1042/673/938 1001/690/897
f 1045/683/941 1003/692/899 1005/693/901 1047/684/943
f 1047/684/943 1005/693/901 1004/694/900 1046/685/942
f 1003/692/899 1051/695/947 1053/696/949 1005/693/901
f 1005/693/901 1053/696/949 1052/697/948 1004/694/900
f 1055/698/951 1006/699/902 1008/700/904 1056/701/952
f 1056/701/952 1008/700/904 1007/702/903 1054/703/950
f 1006/699/902 1049/686/945 1050/689/946 1008/700/904
f 1008/700/904 1050/689/946 1048/691/944 1007/702/903
f 1051/695/947 1009/704/905 1011/705/907 1053/696/949
f 1053/696/949 1011/705/907 1010/706/906 1052/697/948
f 1009/704/905 1057/707/953 1059/708/955 1011/705/907
f 1011/705/907 1059/708/955 1058/709/954 1010/706/906
f 1061/710/957 1012/711/908 1014/712/910 1062/713/958
f 1062/713/958 1014/712/910 1013/714/909 1060/715/956
f 1012/711/908 1055/698/951 1056/701/952 1014/712/910
f 1014/712/910 1056/701/952 1054/703/950 1013/714/909
f 1070/716/966 1015/717/911 1017/718/913 1071/719/967
f 1071/719/967 1017/718/913 1016/720/912 1069/721/965
f 1015/717/911 1066/722/962 1068/723/964 1017/718/913
f 1017/718/913 1068/723/964 1067/724/963 1016/720/912
f 1057/707/953 1018/725/914 1020/726/916 1059/708/955
f 1059/708/955 1020/726/916 1019/727/915 1058/709/954
f 1018/725/914 1063/728/959 1065/729/961 1020/726/916
f 1020/726/916 1065/729/961 1064/730/960 1019/727/915
f 1066/722/962 1021/731/917 1023/732/919 1068/723/964
f 1068/723/964 1023/732/919 1022/733/918 1067/724/963
f 1021/731/917 1061/710/957 1062/713/958 1023/732/919
f 1023/732/919 1062/713/958 1060/715/956 1022/733/918
f 1063/728/959 1024/734/920 1026/735/922 1065/729/961
f 1065/729/961 1026/735/922 1025/736/921 1064/730/960
f 1024/734/920 1070/716/966 1071/719/967 1026/735/922
f 1026/735/922 1071/719/967 1069/721/965 1025/736/921
f 1073/737/969 1027/738/923 1029/739/925 1074/740/970
f 1074/740/970 1029/739/925 1028/741/924 1072/742/968
f 1027/738/923 1040/677/936 1041/680/937 1029/739/925
f 1029/739/925 1041/680/937 1039/682/935 1028/741/924
f 1036/674/932 1030/743/926 1032/744/928 1038/675/934
f 1038/675/934 1032/744/928 1031/745/927 1037/676/933
f 1030/743/926 1129/746/1025 1131/747/1027 1032/744/928
f 1032/744/928 1131/747/1027 1130/748/1026 1031/745/927
f 1127/749/1023 1033/750/929 1035/751/931 1128/752/1024
f 1128/752/1024 1035/751/931 1034/753/930 1126/754/1022
f 1033/750/929 1073/737/969 1074/740/970 1035/751/931
f 1035/751/931 1074/740/970 1072/742/968 1034/753/930
f 1124/755/1020 1075/756/971 1077/757/973 1125/758/1021
f 1125/758/1021 1077/757/973 1076/759/972 1123/760/1019
f 1075/756/971 1117/761/1013 1119/762/1015 1077/757/973
f 1077/757/973 1119/762/1015 1118/763/1014 1076/759/972
f 1121/764/1017 1078/765/974 1080/766/976 1122/767/1018
f 1122/767/1018 1080/766/976 1079/768/975 1120/769/1016
f 1078/765/974 1132/770/1028 1134/771/1030 1080/766/976
f 1080/766/976 1134/771/1030 1133/772/1029 1079/768/975
f 1136/773/1032 1081/774/977 1083/775/979 1137/776/1033
f 1137/776/1033 1083/775/979 1082/777/978 1135/778/1031
f 1081/774/977 1124/755/1020 1125/758/1021 1083/775/979
f 1083/775/979 1125/758/1021 1123/760/1019 1082/777/978
f 1132/770/1028 1084/779/980 1086/780/982 1134/771/1030
f 1134/771/1030 1086/780/982 1085/781/981 1133/772/1029
f 1084/779/980 1138/782/1034 1140/783/1036 1086/780/982
f 1086/780/982 1140/783/1036 1139/784/1035 1085/781/981
f 1142/785/1038 1087/786/983 1089/787/985 1143/788/1039
f 1143/788/1039 1089/787/985 1088/789/984 1141/790/1037
f 1087/786/983 1136/773/1032 1137/776/1033 1089/787/985
f 1089/787/985 1137/776/1033 1135/778/1031 1088/789/984
f 1138/782/1034 1090/791/986 1092/792/988 1140/783/1036
f 1140/783/1036 1092/792/988 1091/793/987 1139/784/1035
f 1090/791/986 1144/794/1040 1146/795/1042 1092/792/988
f 1092/792/988 1146/795/1042 1145/796/1041 1091/793/987
f 1148/797/1044 1093/798/989 1095/799/991 1149/800/1045
f 1149/800/1045 1095/799/991 1094/801/990 1147/802/1043
f 1093/798/989 1142/785/1038 1143/788/1039 1095/799/991
f 1095/799/991 1143/788/1039 1141/790/1037 1094/801/990
f 1157/803/1053 1096/804/992 1098/805/994 1158/806/1054
f 1158/806/1054 1098/805/994 1097/807/993 1156/808/1052
f 1096/804/992 1153/809/1049 1155/810/1051 1098/805/994
f 1098/805/994 1155/810/1051 1154/811/1050 1097/807/993
f 1144/794/1040 1099/812/995 1101/813/997 1146/795/1042
f 1146/795/1042 1101/813/997 1100/814/996 1145/796/1041
f 1099/812/995 1150/815/1046 1152/816/1048 1101/813/997
f 1101/813/997 1152/816/1048 1151/817/1047 1100/814/996
f 1153/809/1049 1102/818/998 1104/819/1000 1155/810/1051
f 1155/810/1051 1104/819/1000 1103/820/999 1154/811/1050
f 1102/818/998 1148/797/1044 1149/800/1045 1104/819/1000
f 1104/819/1000 1149/800/1045 1147/802/1043 1103/820/999
f 1150/815/1046 1105/821/1001 1107/822/1003 1152/816/1048
f 1152/816/1048 1107/822/1003 1106/823/1002 1151/817/1047
f 1105/821/1001 1157/803/1053 1158/806/1054 1107/822/1003
f 1107/822/1003 1158/806/1054 1156/808/1052 1106/823/1002
f 1160/824/1056 1108/825/1004 1110/826/1006 1161/827/1057
f 1161/827/1057 1110/826/1006 1109/828/1005 1159/829/1055
f 1108/825/1004 1121/764/1017 1122/767/1018 1110/826/1006
f 1110/826/1006 1122/767/1018 1120/769/1016 1109/828/1005
f 1117/761/1013 1111/830/1007 1113/831/1009 1119/762/1015
f 1119/762/1015 1113/831/1009 1112/832/1008 1118/763/1014
f 1111/830/1007 1130/748/1026 1131/747/1027 1113/831/1009
f 1113/831/1009 1131/747/1027 1129/746/1025 1112/832/1008
f 1126/754/1022 1114/833/1010 1116/834/1012 1128/752/1024
f 1128/752/1024 1116/834/1012 1115/835/1011 1127/749/1023
f 1114/833/1010 1160/824/1056 1161/827/1057 1116/834/1012
f 1116/834/1012 1161/827/1057 1159/829/1055 1115/835/1011
f 1211/673/1107 1162/836/1058 1164/670/1060 1212/671/1108
f 1212/671/1108 1164/670/1060 1163/669/1059 1210/668/1106
f 1162/836/1058 1204/837/1100 1206/838/1102 1164/670/1060
f 1164/670/1060 1206/838/1102 1205/674/1101 1163/669/1059
f 1208/839/1104 1165/840/1061 1167/679/1063 1209/680/1105
f 1209/680/1105 1167/679/1063 1166/678/1062 1207/841/1103
f 1165/840/1061 1213/842/1109 1215/684/1111 1167/679/1063
f 1167/679/1063 1215/684/1111 1214/683/1110 1166/678/1062
f 1217/843/1113 1168/690/1064 1170/688/1066 1218/689/1114
f 1218/689/1114 1170/688/1066 1169/687/1065 1216/686/1112
f 1168/690/1064 1211/673/1107 1212/671/1108 1170/688/1066
f 1170/688/1066 1212/671/1108 1210/668/1106 1169/687/1065
f 1213/842/1109 1171/844/1067 1173/693/1069 1215/684/1111
f 1215/684/1111 1173/693/1069 1172/845/1068 1214/683/1110
f 1171/844/1067 1219/846/1115 1221/696/1117 1173/693/1069
f 1173/693/1069 1221/696/1117 1220/695/1116 1172/845/1068
f 1223/847/1119 1174/702/1070 1176/700/1072 1224/701/1120
f 1224/701/1120 1176/700/1072 1175/699/1071 1222/698/1118
f 1174/702/1070 1217/843/1113 1218/689/1114 1176/700/1072
f 1176/700/1072 1218/689/1114 1216/686/1112 1175/699/1071
f 1219/846/1115 1177/848/1073 1179/705/1075 1221/696/1117
f 1221/696/1117 1179/705/1075 1178/704/1074 1220/695/1116
f 1177/848/1073 1225/709/1121 1227/708/1123 1179/705/1075
f 1179/705/1075 1227/708/1123 1226/707/1122 1178/704/1074
f 1229/715/1125 1180/849/1076 1182/712/1078 1230/713/1126
f 1230/713/1126 1182/712/1078 1181/711/1077 1228/710/1124
f 1180/849/1076 1223/847/1119 1224/701/1120 1182/712/1078
f 1182/712/1078 1224/701/1120 1222/698/1118 1181/711/1077
f 1238/721/1134 1183/720/1079 1185/718/1081 1239/850/1135
f 1239/850/1135 1185/718/1081 1184/717/1080 1237/851/1133
f 1183/720/1079 1234/852/1130 1236/853/1132 1185/718/1081
f 1185/718/1081 1236/853/1132 1235/722/1131 1184/717/1080
f 1225/709/1121 1186/727/1082 1188/854/1084 1227/708/1123
f 1227/708/1123 1188/854/1084 1187/855/1083 1226/707/1122
f 1186/727/1082 1231/856/1127 1233/857/1129 1188/854/1084
f 1188/854/1084 1233/857/1129 1232/858/1128 1187/855/1083
f 1234/852/1130 1189/859/1085 1191/732/1087 1236/853/1132
f 1236/853/1132 1191/732/1087 1190/731/1086 1235/722/1131
f 1189/859/1085 1229/715/1125 1230/713/1126 1191/732/1087
f 1191/732/1087 1230/713/1126 1228/710/1124 1190/731/1086
f 1231/856/1127 1192/860/1088 1194/735/1090 1233/857/1129
f 1233/857/1129 1194/735/1090 1193/861/1089 1232/858/1128
f 1192/860/1088 1238/721/1134 1239/850/1135 1194/735/1090
f 1194/735/1090 1239/850/1135 1237/851/1133 1193/861/1089
f 1241/862/1137 1195/741/1091 1197/739/1093 1242/740/1138
f 1242/740/1138 1197/739/1093 1196/738/1092 1240/737/1136
f 1195/741/1091 1208/839/1104 1209/680/1105 1197/739/1093
f 1197/739/1093 1209/680/1105 1207/841/1103 1196/738/1092
f 1204/837/1100 1198/745/1094 1200/744/1096 1206/838/1102
f 1206/838/1102 1200/744/1096 1199/743/1095 1205/674/1101
f 1198/745/1094 1297/748/1193 1299/747/1195 1200/744/1096
f 1200/744/1096 1299/747/1195 1298/746/1194 1199/743/1095
f 1295/754/1191 1201/753/1097 1203/751/1099 1296/752/1192
f 1296/752/1192 1203/751/1099 1202/863/1098 1294/749/1190
f 1201/753/1097 1241/862/1137 1242/740/1138 1203/751/1099
f 1203/751/1099 1242/740/1138 1240/737/1136 1202/863/1098
f 1292/760/1188 1243/864/1139 1245/865/1141 1293/758/1189
f 1293/758/1189 1245/865/1141 1244/866/1140 1291/755/1187
f 1243/864/1139 1285/763/1181 1287/867/1183 1245/865/1141
f 1245/865/1141 1287/867/1183 1286/761/1182 1244/866/1140
f 1289/868/1185 1246/768/1142 1248/869/1144 1290/767/1186
f 1290/767/1186 1248/869/1144 1247/870/1143 1288/764/1184
f 1246/768/1142 1300/871/1196 1302/771/1198 1248/869/1144
f 1248/869/1144 1302/771/1198 1301/770/1197 1247/870/1143
f 1304/778/1200 1249/777/1145 1251/775/1147 1305/776/1201
f 1305/776/1201 1251/775/1147 1250/872/1146 1303/773/1199
f 1249/777/1145 1292/760/1188 1293/758/1189 1251/775/1147
f 1251/775/1147 1293/758/1189 1291/755/1187 1250/872/1146
f 1300/871/1196 1252/873/1148 1254/874/1150 1302/771/1198
f 1302/771/1198 1254/874/1150 1253/779/1149 1301/770/1197
f 1252/873/1148 1306/784/1202 1308/783/1204 1254/874/1150
f 1254/874/1150 1308/783/1204 1307/782/1203 1253/779/1149
f 1310/875/1206 1255/789/1151 1257/787/1153 1311/788/1207
f 1311/788/1207 1257/787/1153 1256/876/1152 1309/877/1205
f 1255/789/1151 1304/778/1200 1305/776/1201 1257/787/1153
f 1257/787/1153 1305/776/1201 1303/773/1199 1256/876/1152
f 1306/784/1202 1258/793/1154 1260/878/1156 1308/783/1204
f 1308/783/1204 1260/878/1156 1259/791/1155 1307/782/1203
f 1258/793/1154 1312/879/1208 1314/795/1210 1260/878/1156
f 1260/878/1156 1314/795/1210 1313/880/1209 1259/791/1155
f 1316/802/1212 1261/801/1157 1263/881/1159 1317/800/1213
f 1317/800/1213 1263/881/1159 1262/882/1158 1315/797/1211
f 1261/801/1157 1310/875/1206 1311/788/1207 1263/881/1159
f 1263/881/1159 1311/788/1207 1309/877/1205 1262/882/1158
f 1325/808/1221 1264/807/1160 1266/805/1162 1326/883/1222
f 1326/883/1222 1266/805/1162 1265/804/1161 1324/803/1220
f 1264/807/1160 1321/884/1217 1323/885/1219 1266/805/1162
f 1266/805/1162 1323/885/1219 1322/886/1218 1265/804/1161
f 1312/879/1208 1267/887/1163 1269/888/1165 1314/795/1210
f 1314/795/1210 1269/888/1165 1268/889/1164 1313/880/1209
f 1267/887/1163 1318/817/1214 1320/816/1216 1269/888/1165
f 1269/888/1165 1320/816/1216 1319/815/1215 1268/889/1164
f 1321/884/1217 1270/820/1166 1272/890/1168 1323/885/1219
f 1323/885/1219 1272/890/1168 1271/818/1167 1322/886/1218
f 1270/820/1166 1316/802/1212 1317/800/1213 1272/890/1168
f 1272/890/1168 1317/800/1213 1315/797/1211 1271/818/1167
f 1318/817/1214 1273/891/1169 1275/822/1171 1320/816/1216
f 1320/816/1216 1275/822/1171 1274/892/1170 1319/815/1215
f 1273/891/1169 1325/808/1221 1326/883/1222 1275/822/1171
f 1275/822/1171 1326/883/1222 1324/803/1220 1274/892/1170
f 1328/829/1224 1276/828/1172 1278/826/1174 1329/893/1225
f 1329/893/1225 1278/826/1174 1277/825/1173 1327/894/1223
f 1276/828/1172 1289/868/1185 1290/767/1186 1278/826/1174
f 1278/826/1174 1290/767/1186 1288/764/1184 1277/825/1173
f 1285/763/1181 1279/832/1175 1281/831/1177 1287/867/1183
f 1287/867/1183 1281/831/1177 1280/830/1176 1286/761/1182
f 1279/832/1175 1298/746/1194 1299/747/1195 1281/831/1177
f 1281/831/1177 1299/747/1195 1297/748/1193 1280/830/1176
f 1294/749/1190 1282/835/1178 1284/834/1180 1296/752/1192
f 1296/752/1192 1284/834/1180 1283/895/1179 1295/754/1191
f 1282/835/1178 1328/829/1224 1329/893/1225 1284/834/1180
f 1284/834/1180 1329/893/1225 1327/894/1223 1283/895/1179
f 698/513/694 995/672/891 1037/676/933 728/514/724
f 698/513/694 715/512/711 1042/673/938 995/672/891
f 701/523/697 730/516/726 1036/674/932 994/669/890
f 701/523/697 994/669/890 1043/668/939 740/524/736
f 690/491/686 998/681/894 1046/685/942 720/493/716
f 690/491/686 719/482/715 1039/682/935 998/681/894
f 704/539/700 736/544/732 1045/683/941 997/678/893
f 704/539/700 997/678/893 1040/677/936 737/540/733
f 697/511/693 716/510/712 1048/691/944 1001/690/897
f 707/557/703 740/524/736 1043/668/939 1000/687/896
f 707/557/703 1000/687/896 1049/686/945 741/558/737
f 697/511/693 1001/690/897 1042/673/938 715/512/711
f 691/495/687 1004/694/900 1052/697/948 721/497/717
f 691/495/687 720/493/716 1046/685/942 1004/694/900
f 711/571/707 733/528/729 1051/695/947 1003/692/899
f 711/571/707 1003/692/899 1045/683/941 736/544/732
f 696/509/692 717/508/713 1054/703/950 1007/702/903
f 712/573/708 741/558/737 1049/686/945 1006/699/902
f 712/573/708 1006/699/902 1055/698/951 734/538/730
f 696/509/692 1007/702/903 1048/691/944 716/510/712
f 692/499/688 1010/706/906 1058/709/954 722/501/718
f 692/499/688 721/497/717 1052/697/948 1010/706/906
f 702/527/698 732/532/728 1057/707/953 1009/704/905
f 702/527/698 1009/704/905 1051/695/947 733/528/729
f 695/507/691 718/506/714 1060/715/956 1013/714/909
f 703/533/699 734/538/730 1055/698/951 1012/711/908
f 703/533/699 1012/711/908 1061/710/957 735/534/731
f 695/507/691 1013/714/909 1054/703/950 717/508/713
f 694/505/690 1016/720/912 1067/724/963 1022/733/918
f 694/505/690 723/504/719 1069/721/965 1016/720/912
f 705/545/701 738/550/734 1066/722/962 1015/717/911
f 705/545/701 1015/717/911 1070/716/966 739/546/735
f 693/503/689 1019/727/915 1064/730/960 1025/736/921
f 693/503/689 722/501/718 1058/709/954 1019/727/915
f 709/567/705 742/562/738 1063/728/959 1018/725/914
f 709/567/705 1018/725/914 1057/707/953 732/532/728
f 710/569/706 735/534/731 1061/710/957 1021/731/917
f 710/569/706 1021/731/917 1066/722/962 738/550/734
f 694/505/690 1022/733/918 1060/715/956 718/506/714
f 693/503/689 1025/736/921 1069/721/965 723/504/719
f 708/561/704 739/566/735 1070/716/966 1024/734/920
f 708/561/704 1024/734/920 1063/728/959 742/562/738
f 688/481/684 1028/741/924 1039/682/935 719/482/715
f 688/481/684 729/486/725 1072/742/968 1028/741/924
f 713/575/709 737/540/733 1040/677/936 1027/738/923
f 713/575/709 1027/738/923 1073/737/969 731/556/727
f 699/515/695 1030/743/926 1036/674/932 730/516/726
f 700/521/696 1031/745/927 1130/748/1026 776/522/772
f 699/515/695 794/520/790 1129/746/1025 1030/743/926
f 700/521/696 728/514/724 1037/676/933 1031/745/927
f 689/487/685 1034/753/930 1072/742/968 729/486/725
f 689/487/685 781/490/777 1126/754/1022 1034/753/930
f 706/551/702 731/556/727 1073/737/969 1033/750/929
f 706/551/702 1033/750/929 1127/749/1023 799/552/795
f 758/607/754 790/608/786 1117/761/1013 1075/756/971
f 761/616/757 804/619/800 1123/760/1019 1076/759/972
f 758/607/754 1075/756/971 1124/755/1020 775/606/771
f 761/616/757 1076/759/972 1118/763/1014 792/612/788
f 750/585/746 782/588/778 1132/770/1028 1078/765/974
f 764/632/760 801/635/797 1120/769/1016 1079/768/975
f 750/585/746 1078/765/974 1121/764/1017 780/580/776
f 764/632/760 1079/768/975 1133/772/1029 800/636/796
f 757/605/753 1081/774/977 1136/773/1032 777/604/773
f 767/648/763 1082/777/978 1123/760/1019 804/619/800
f 757/605/753 775/606/771 1124/755/1020 1081/774/977
f 767/648/763 805/651/801 1135/778/1031 1082/777/978
f 751/589/747 783/592/779 1138/782/1034 1084/779/980
f 771/662/767 800/636/796 1133/772/1029 1085/781/981
f 751/589/747 1084/779/980 1132/770/1028 782/588/778
f 771/662/767 1085/781/981 1139/784/1035 796/623/792
f 756/603/752 1087/786/983 1142/785/1038 778/602/774
f 772/664/768 1088/789/984 1135/778/1031 805/651/801
f 756/603/752 777/604/773 1136/773/1032 1087/786/983
f 772/664/768 797/630/793 1141/790/1037 1088/789/984
f 752/593/748 784/596/780 1144/794/1040 1090/791/986
f 762/620/758 796/623/792 1139/784/1035 1091/793/987
f 752/593/748 1090/791/986 1138/782/1034 783/592/779
f 762/620/758 1091/793/987 1145/796/1041 795/624/791
f 755/601/751 1093/798/989 1148/797/1044 779/600/775
f 763/626/759 1094/801/990 1141/790/1037 797/630/793
f 755/601/751 778/602/774 1142/785/1038 1093/798/989
f 763/626/759 798/629/794 1147/802/1043 1094/801/990
f 754/599/750 1102/818/998 1153/809/1049 1096/804/992
f 765/638/761 803/641/799 1156/808/1052 1097/807/993
f 754/599/750 1096/804/992 1157/803/1053 785/598/781
f 765/638/761 1097/807/993 1154/811/1050 802/642/798
f 753/597/749 1105/821/1001 1150/815/1046 1099/812/995
f 769/658/765 795/624/791 1145/796/1041 1100/814/996
f 753/597/749 1099/812/995 1144/794/1040 784/596/780
f 769/658/765 1100/814/996 1151/817/1047 806/655/802
f 770/660/766 1103/820/999 1147/802/1043 798/629/794
f 754/599/750 779/600/775 1148/797/1044 1102/818/998
f 770/660/766 802/642/798 1154/811/1050 1103/820/999
f 753/597/749 785/598/781 1157/803/1053 1105/821/1001
f 768/652/764 806/655/802 1151/817/1047 1106/823/1002
f 768/652/764 1106/823/1002 1156/808/1052 803/656/799
f 748/577/744 780/580/776 1121/764/1017 1108/825/1004
f 773/666/769 793/646/789 1159/829/1055 1109/828/1005
f 748/577/744 1108/825/1004 1160/824/1056 791/581/787
f 773/666/769 1109/828/1005 1120/769/1016 801/635/797
f 759/609/755 792/612/788 1118/763/1014 1112/832/1008
f 760/615/756 776/522/772 1130/748/1026 1111/830/1007
f 760/615/756 1111/830/1007 1117/761/1013 790/608/786
f 759/609/755 1112/832/1008 1129/746/1025 794/613/790
f 749/583/745 791/581/787 1160/824/1056 1114/833/1010
f 766/644/762 799/552/795 1127/749/1023 1115/835/1011
f 749/583/745 1114/833/1010 1126/754/1022 781/490/777
f 766/644/762 1115/835/1011 1159/829/1055 793/646/789
f 823/513/819 866/514/839 1204/837/1100 1162/836/1058
f 826/523/697 879/524/736 1210/668/1106 1163/669/1059
f 823/513/819 1162/836/1058 1211/673/1107 852/512/826
f 826/523/697 1163/669/1059 1205/674/1101 869/516/726
f 815/491/811 857/493/831 1213/842/1109 1165/840/1061
f 829/539/700 876/540/733 1207/841/1103 1166/678/1062
f 815/491/811 1165/840/1061 1208/839/1104 856/482/830
f 829/539/700 1166/678/1062 1214/683/1110 875/544/732
f 822/511/818 1168/690/1064 1217/843/1113 853/510/827
f 832/557/703 1169/687/1065 1210/668/1106 879/524/736
f 822/511/818 852/512/826 1211/673/1107 1168/690/1064
f 832/557/703 880/558/737 1216/686/1112 1169/687/1065
f 816/495/812 858/497/832 1219/846/1115 1171/844/1067
f 836/571/707 875/544/732 1214/683/1110 1172/845/1068
f 816/495/812 1171/844/1067 1213/842/1109 857/493/831
f 836/571/707 1172/845/1068 1220/695/1116 872/528/729
f 821/509/817 1174/702/1070 1223/847/1119 854/508/828
f 837/573/708 1175/699/1071 1216/686/1112 880/558/737
f 821/509/817 853/510/827 1217/843/1113 1174/702/1070
f 837/573/708 873/538/730 1222/698/1118 1175/699/1071
f 817/499/813 859/501/833 1225/709/1121 1177/848/1073
f 827/527/698 872/528/729 1220/695/1116 1178/704/1074
f 817/499/813 1177/848/1073 1219/846/1115 858/497/832
f 827/527/698 1178/704/1074 1226/707/1122 871/532/728
f 820/507/816 1180/849/1076 1229/715/1125 855/506/829
f 828/533/699 1181/711/1077 1222/698/1118 873/538/730
f 820/507/816 854/508/828 1223/847/1119 1180/849/1076
f 828/533/699 874/534/731 1228/710/1124 1181/711/1077
f 819/505/815 1189/859/1085 1234/852/1130 1183/720/1079
f 830/545/701 878/546/735 1237/851/1133 1184/717/1080
f 819/505/815 1183/720/1079 1238/721/1134 860/504/834
f 830/545/701 1184/717/1080 1235/722/1131 877/550/734
f 818/503/814 1192/860/1088 1231/856/1127 1186/727/1082
f 834/567/705 871/532/728 1226/707/1122 1187/855/1083
f 818/503/814 1186/727/1082 1225/709/1121 859/501/833
f 834/567/705 1187/855/1083 1232/858/1128 881/562/738
f 835/569/706 1190/731/1086 1228/710/1124 874/534/731
f 819/505/815 855/506/829 1229/715/1125 1189/859/1085
f 835/569/706 877/550/734 1235/722/1131 1190/731/1086
f 818/503/814 860/504/834 1238/721/1134 1192/860/1088
f 833/561/704 881/562/738 1232/858/1128 1193/861/1089
f 833/561/704 1193/861/1089 1237/851/1133 878/566/735
f 813/481/809 856/482/830 1208/839/1104 1195/741/1091
f 838/575/709 870/556/727 1240/737/1136 1196/738/1092
f 813/481/809 1195/741/1091 1241/862/1137 868/486/840
f 838/575/709 1196/738/1092 1207/841/1103 876/540/733
f 824/515/820 869/516/726 1205/674/1101 1199/743/1095
f 825/521/821 940/522/864 1297/748/1193 1198/745/1094
f 825/521/821 1198/745/1094 1204/837/1100 866/514/839
f 824/515/820 1199/743/1095 1298/746/1194 960/520/880
f 814/487/810 868/486/840 1241/862/1137 1201/753/1097
f 831/551/822 965/552/881 1294/749/1190 1202/863/1098
f 814/487/810 1201/753/1097 1295/754/1191 945/490/869
f 831/551/822 1202/863/1098 1240/737/1136 870/556/727
f 910/607/856 1244/866/1140 1286/761/1182 955/608/878
f 910/607/856 939/606/863 1291/755/1187 1244/866/1140
f 913/616/757 958/612/788 1285/763/1181 1243/864/1139
f 913/616/757 1243/864/1139 1292/760/1188 970/619/800
f 902/585/848 1247/870/1143 1301/770/1197 946/588/870
f 902/585/848 944/580/868 1288/764/1184 1247/870/1143
f 916/632/760 966/636/796 1300/871/1196 1246/768/1142
f 916/632/760 1246/768/1142 1289/868/1185 967/635/797
f 909/605/855 941/604/865 1303/773/1199 1250/872/1146
f 919/648/763 970/619/800 1292/760/1188 1249/777/1145
f 919/648/763 1249/777/1145 1304/778/1200 971/651/801
f 909/605/855 1250/872/1146 1291/755/1187 939/606/863
f 903/589/849 1253/779/1149 1307/782/1203 947/592/871
f 903/589/849 946/588/870 1301/770/1197 1253/779/1149
f 923/662/767 962/623/792 1306/784/1202 1252/873/1148
f 923/662/767 1252/873/1148 1300/871/1196 966/636/796
f 908/603/854 942/602/866 1309/877/1205 1256/876/1152
f 924/664/768 971/651/801 1304/778/1200 1255/789/1151
f 924/664/768 1255/789/1151 1310/875/1206 963/630/793
f 908/603/854 1256/876/1152 1303/773/1199 941/604/865
f 904/593/850 1259/791/1155 1313/880/1209 948/596/872
f 904/593/850 947/592/871 1307/782/1203 1259/791/1155
f 914/620/758 961/624/791 1312/879/1208 1258/793/1154
f 914/620/758 1258/793/1154 1306/784/1202 962/623/792
f 907/601/853 943/600/867 1315/797/1211 1262/882/1158
f 915/626/759 963/630/793 1310/875/1206 1261/801/1157
f 915/626/759 1261/801/1157 1316/802/1212 964/629/794
f 907/601/853 1262/882/1158 1309/877/1205 942/602/866
f 906/599/852 1265/804/1161 1322/886/1218 1271/818/1167
f 906/599/852 949/598/873 1324/803/1220 1265/804/1161
f 917/638/761 968/642/798 1321/884/1217 1264/807/1160
f 917/638/761 1264/807/1160 1325/808/1221 969/641/799
f 905/597/851 1268/889/1164 1319/815/1215 1274/892/1170
f 905/597/851 948/596/872 1313/880/1209 1268/889/1164
f 921/658/765 972/655/802 1318/817/1214 1267/887/1163
f 921/658/765 1267/887/1163 1312/879/1208 961/624/791
f 922/660/766 964/629/794 1316/802/1212 1270/820/1166
f 922/660/766 1270/820/1166 1321/884/1217 968/642/798
f 906/599/852 1271/818/1167 1315/797/1211 943/600/867
f 905/597/851 1274/892/1170 1324/803/1220 949/598/873
f 920/652/764 969/656/799 1325/808/1221 1273/891/1169
f 920/652/764 1273/891/1169 1318/817/1214 972/655/802
f 900/577/846 1277/825/1173 1288/764/1184 944/580/868
f 900/577/846 957/581/879 1327/894/1223 1277/825/1173
f 925/666/769 967/635/797 1289/868/1185 1276/828/1172
f 925/666/769 1276/828/1172 1328/829/1224 959/646/789
f 911/609/857 1279/832/1175 1285/763/1181 958/612/788
f 912/615/858 1280/830/1176 1297/748/1193 940/522/864
f 911/609/857 960/613/880 1298/746/1194 1279/832/1175
f 912/615/858 955/608/878 1286/761/1182 1280/830/1176
f 901/583/847 1283/895/1179 1327/894/1223 957/581/879
f 901/583/847 945/490/869 1295/754/1191 1283/895/1179
f 918/644/859 959/646/789 1328/829/1224 1282/835/1178
f 918/644/859 1282/835/1178 1294/749/1190 965/552/881
